id,text,anger,disgust,fear,joy,sadness,surprise,emotions,split
tat_train_track_a_00004,аның да хәзер башы ул кагылганнан ямьсез пеләш кала.,0,1,0,0,0,0,['disgust'],train
tat_train_track_a_00006,"юк, ач түгелмен, әмма шундый швед-төрки өстәлендә утырасым килә, рәхәтләнеп чәк-чәк, өчпочмак, бәлеш, пәрәмәч һәм башка тәмле ашамлыклар умырып ашарга, кымыз эчеп, ә юк, чәй эчеп)))",0,0,0,1,0,0,['joy'],train
tat_train_track_a_00007,"малай,шатлыгыбыз,яраттык,жылаганда да,узсузле,кулдан,бэлэкэй,кадерле,йори",0,0,0,1,0,0,['joy'],train
tat_train_track_a_00008,ошамаса укыйм хэм ошамаганлыгын да эйтэм! анысы минем эш.,1,0,0,0,0,0,['anger'],train
tat_train_track_a_00009,"онытырга кала инде,артыннан чабып йормэ!",1,0,0,0,0,0,['anger'],train
tat_train_track_a_00010,апа матурым  эле ярый сез бар безнен !!!хэзер уземдэ актив катнашырмын-вакыт булуга кергэлэп катнашып чыгам узем !!рэхмэт админнарыбызга!!,0,0,0,1,0,0,['joy'],train
tat_train_track_a_00011,"дөрес, культура ягы түбән инде, киенү-ясануга килгәндә дә вкус юк инде, юк, бер генә сүз белән әйткәндә, ни… гыйбадия!..",1,0,0,0,0,0,['anger'],train
tat_train_track_a_00012,"фануда, җылы сүзләрең өчен рәхмәт!!!!!!!!!!!!!",0,0,0,1,0,0,['joy'],train
tat_train_track_a_00013,бу ахырзаман галәмәтләренә ошаган.казан хакимиятенә хурлык!,1,0,0,0,0,0,['anger'],train
tat_train_track_a_00014,"авызы бер пешкән мин моңа да илтифатсыз калдым гына түгел, чирканып йөзен чыттым.",0,1,0,0,0,0,['disgust'],train
tat_train_track_a_00016,молодец)уңышлар  сиңа=),0,0,0,1,0,0,['joy'],train
tat_train_track_a_00017,хич йокыга китеп булмый!,0,0,0,0,1,0,['sadness'],train
tat_train_track_a_00018,әссәламагаләйкем барыгызга да!)),0,0,0,1,0,0,['joy'],train
tat_train_track_a_00019,татар булмаган кеше юктыр монда!?:d,0,0,0,0,0,1,['surprise'],train
tat_train_track_a_00020,ник киряк мында бу кыз ?!?!,0,0,0,0,0,1,['surprise'],train
tat_train_track_a_00021,"уллләәәммм, тагын күпме кеше баскан чиратка, пленкам җитәр микән ???)))))",0,0,0,0,0,1,['surprise'],train
tat_train_track_a_00022,"мине бу юлдан күңел тыйгысызлыгы, җан газабы, бертуктаусыз сыкрап-сызлап торган рухы алып бара.",0,0,0,0,1,0,['sadness'],train
tat_train_track_a_00023,"тоне буе йокламадым,коттем,барыбер язмады,борчылып беттем,ни булды икэн дип.",0,0,1,0,0,0,['fear'],train
tat_train_track_a_00025,"уят мине иртэ белэн,курсэт яна кон туганын... бир мина коч утэргэ буран баскан юлларымны...",0,0,0,0,1,0,['sadness'],train
tat_train_track_a_00026,канатлы чагым минем!,0,0,0,1,0,0,['joy'],train
tat_train_track_a_00027,өзелә бит үзәгем.,0,0,0,0,1,0,['sadness'],train
tat_train_track_a_00029,бездән башкамы???? чакырсалар барыр идееек!!!))))))),0,0,0,0,0,1,['surprise'],train
tat_train_track_a_00030,дорес тугел...,0,0,0,0,1,0,['sadness'],train
tat_train_track_a_00031,без каян белик инде. врач тугел бит без!!!,1,0,0,0,0,0,['anger'],train
tat_train_track_a_00033,син хоккейга йорисен чтоли??,0,0,0,0,0,1,['surprise'],train
tat_train_track_a_00034,яратам мин балаларны-яшь булса аналары😄😃😀))),0,0,0,1,0,0,['joy'],train
tat_train_track_a_00035,"мин уз фикеремне генэ яздым, э шул кафе янанда яшэуче халык нишли микэн???? 😱",0,0,1,0,0,0,['fear'],train
tat_train_track_a_00036,рузиля дорес язасын рахмат зур итеп афаринннннннннннннннннн,0,0,0,1,0,0,['joy'],train
tat_train_track_a_00037,"бабушка бэтмен, сузлэренне чамалап яз эле!!!",1,0,0,0,0,0,['anger'],train
tat_train_track_a_00038,өйдә тып-тын...:(,0,0,0,0,1,0,['sadness'],train
tat_train_track_a_00039,эллэ нинди сузлэр язмагыз эле!,1,0,0,0,0,0,['anger'],train
tat_train_track_a_00041,әдәпле кыз ул - бары тик бер генә  ир-егеткә  әдәпсез була!,0,1,0,0,0,0,['disgust'],train
tat_train_track_a_00042,аның бик явыз үги анасы һәм ике бик ямьсез һәм гаять усал ике апасы булган...,0,1,0,0,0,0,['disgust'],train
tat_train_track_a_00043,"ник алайса алдап йорден, ник эйтмэден алдан ук?!",1,0,0,0,0,0,['anger'],train
tat_train_track_a_00044,куп белэсен бугай син?!,1,0,0,0,0,0,['anger'],train
tat_train_track_a_00046,"иии,  рәхмәт инде,  миша абый)",0,0,0,1,0,0,['joy'],train
tat_train_track_a_00047,шушындый экияти матур кыш конендэ сойгэнем белэн урамда йорисем килэ. лэкин ул еракта. мин аны шундый сагынам.,0,0,0,0,1,0,['sadness'],train
tat_train_track_a_00048,гел бәхетләр һәм шатлыклар,0,0,0,1,0,0,['joy'],train
tat_train_track_a_00049,иң җай урын өйдә - чәй яны .,0,0,0,1,0,0,['joy'],train
tat_train_track_a_00050,"туфрагы жинел, урыны ожмахта булсын😔😔😔",0,0,0,0,1,0,['sadness'],train
tat_train_track_a_00051,"ул сезнен мини  футбол очен яна группа ачырга кирэк,ялкыта башладыгыз!",0,0,0,1,0,0,['joy'],train
tat_train_track_a_00053,шатмын синең өчен=),0,0,0,1,0,0,['joy'],train
tat_train_track_a_00055,бергэ дус яшик!,0,0,0,1,0,0,['joy'],train
tat_train_track_a_00056,рэхмэт 😊 мин дэ сезне куруемэ шат💐😃,0,0,0,1,0,0,['joy'],train
tat_train_track_a_00058,үз-үземнән кире китәр идем:(,0,0,0,0,1,0,['sadness'],train
tat_train_track_a_00059,кемнэр янган анда???,0,0,0,0,0,1,['surprise'],train
tat_train_track_a_00060,мыегы да чыкмаганмы сон?  😂,0,0,0,0,0,1,['surprise'],train
tat_train_track_a_00061,"вот мин анламыйм! нигэ туалетный бумагаларны разный вкуслар белэн ясыйлар?! например урамда барасын да и типо: «эй,чувак,понюхай мою задницу,она пахнет клубникой»  у меня все!  (анон)",0,1,0,0,0,0,['disgust'],train
tat_train_track_a_00062,кем машина белэн бозга керэ инде..........??????????,0,0,0,0,0,1,['surprise'],train
tat_train_track_a_00063,"ә күңелдә,кала, сагыш...",0,0,0,0,1,0,['sadness'],train
tat_train_track_a_00064,"этисе купме кешене рэнжеткэн,кеше куз яшьлэре жирдэ ятмый ул !!!!",1,0,0,0,0,0,['anger'],train
tat_train_track_a_00065,"уйлап кара, сары теш, сасы ис, егетлер яратмый андыйларны,хазер егетлер спортивный кызларны ярата, тэмеке турында уйламада, андыйлар не увожаю!!!",0,1,0,0,0,0,['disgust'],train
tat_train_track_a_00066,"накия апа, җылы сүзләрегез өчен зур рәхмәт!",0,0,0,1,0,0,['joy'],train
tat_train_track_a_00067,"шалтыратыгыз эле егетлэр,скучно19 22яшлеклэр(",0,0,0,0,1,0,['sadness'],train
tat_train_track_a_00068,буламы сон синнэн башка яшэп.,0,0,0,0,1,0,['sadness'],train
tat_train_track_a_00070,яратыгыз сөйгән ярыгызны,0,0,0,1,0,0,['joy'],train
tat_train_track_a_00071,"бер егет бик чибэр булмаган кыз белэн бер булмэдэ биклэнеп калган ди.теге кыз:  -эгэр дэ сез мине убэргэ жыенсагыз,мин кычкырам!-ди икэн.  - мин дэ!-дигэн ди теге егет",0,1,0,0,0,0,['disgust'],train
tat_train_track_a_00072,бу миңа сугыш авырлыгын хәтерләтә,0,0,0,0,1,0,['sadness'],train
tat_train_track_a_00073,фотода прәме чибәр чыккан динислам)),0,0,0,1,0,0,['joy'],train
tat_train_track_a_00074,кошмар!  узем дачалар кырында торам алар монда коту бн йорилэр куркыныч!!! хэм мин ничек баланы курыкма алардан дип чыгарып жибэрим??? алар бит куп!!! даже олы кешегэ ыргылалар!!!!!,0,0,1,0,0,0,['fear'],train
tat_train_track_a_00075,э кайда сон ул????,0,0,0,0,0,1,['surprise'],train
tat_train_track_a_00076,язмышым кара булды,0,0,0,0,1,0,['sadness'],train
tat_train_track_a_00077,"куннакка кайтырга гына яхшы монда, хәлемнән килсә качар идем. туйдым бу авыл кешеләреннән.",0,1,0,0,0,0,['disgust'],train
tat_train_track_a_00078,афарин ! татар исэн !!!,0,0,0,1,0,0,['joy'],train
tat_train_track_a_00080,"тәкъдир сызыгыннан читкә китү кыен шул, ай кыен, олан...",0,0,0,0,1,0,['sadness'],train
tat_train_track_a_00081,башкалар кебек ак тәнле буласым килә иде..,0,0,0,0,1,0,['sadness'],train
tat_train_track_a_00082,"белмәдем, гафу үтенәм.",0,0,0,0,1,0,['sadness'],train
tat_train_track_a_00083,"чай эчабезме,шушы матур кичларда,хаерле булсын,берга узсын кичларебез!",0,0,0,1,0,0,['joy'],train
tat_train_track_a_00084,чынлaпмы?)))),0,0,0,0,0,1,['surprise'],train
tat_train_track_a_00085,"сагынырмын инде,тон йокыларымны йокламыйча",0,0,0,0,1,0,['sadness'],train
tat_train_track_a_00086,"моннан да карарак, ачырак кайгы бармы?",0,0,0,0,1,0,['sadness'],train
tat_train_track_a_00088,э мина бу группада ошый))),0,0,0,1,0,0,['joy'],train
tat_train_track_a_00090,мунчага барасы кила да бит вакыт та юк аулыма кайтыр идем шул дуслар,0,0,0,0,1,0,['sadness'],train
tat_train_track_a_00091,не груби кызларга,1,0,0,0,0,0,['anger'],train
tat_train_track_a_00092,рәхмәт бик зур 😊 🌺,0,0,0,1,0,0,['joy'],train
tat_train_track_a_00093,бер нишләмим)син?нигә ярыйсы гына?,0,0,0,0,0,1,['surprise'],train
tat_train_track_a_00094,актаныш яшьлэре бикрэк оятсыз......,0,1,0,0,0,0,['disgust'],train
tat_train_track_a_00095,"хәерле көн, хөрмәтле әтиләребез, әниләребез, балакайларыбыз!безнең матур бәйрәмнәребездә татарча сөйләшә торган кайсы геройларны күрергә теләр идегез?:)",0,0,0,1,0,0,['joy'],train
tat_train_track_a_00096,"голназ ин матур исем инде, калганын белмим)",0,0,0,1,0,0,['joy'],train
tat_train_track_a_00097,"akbure tatar  слыш мамбет ты  скорее всего умственно отсталый, так как ты не понимаешь, чо несешь, как тогда объясниш тобою сказанную фразу  төрки халыкларда шундый мәкалә бар:""""дустың урыс булса, яныңда балтаң булсын"". мин башта аны татарларда гына дип уйлаган идем, юк икәәәән шул. кыргызда да, казахта да, узбәк белән төрекмәндә калмаган, аларда да бар, алрда гына түгел хәтта төркиядә лә нәкъ шул ук мәкаль.  идиот!!!!!!!!!!!!!!!!!!",1,0,0,0,0,0,['anger'],train
tat_train_track_a_00098,парада скучно😔 кем нишли?  медиклар нишлэргэ белми😔,0,0,0,0,1,0,['sadness'],train
tat_train_track_a_00099,"ул жен дип кишер чэйнэп утырма инде, э!",1,0,0,0,0,0,['anger'],train
tat_train_track_a_00100,"бәйрәм белән, иптәшләр! :)",0,0,0,1,0,0,['joy'],train
tat_train_track_a_00102,"ярата: әти-әнисен, гаиләсен, ризыктан - бәлеш",0,0,0,1,0,0,['joy'],train
tat_train_track_a_00104,мин бик яратам! ашарга да... 😊,0,0,0,1,0,0,['joy'],train
tat_train_track_a_00105,бэхетле булыгыз и всё))),0,0,0,1,0,0,['joy'],train
tat_train_track_a_00107,"дөньяда бит хыялларсыз,  омтылышсыз була яшәп. ләкин алга чаба-чаба шулардан тәм таба-таба яшәү кызык, яшәү рәхәт.  яшәп була макталусыз, нәрсәгә ул дан һәм шөһрәт? ләкин берәү, эшең мактап, чын күңелдән әйтсә рәхмәт -  җанга йомшак, җанга рәхәт.  кеше күнә күп нәрсәгә - ялгызың да була яшәп. ләкин янда дуслар булса, алар кайгыртуын тойсаң, тормыш җиңел, дөнья рәхәт.  һичкайчан да башын ими, кеше бит ул көчле гаҗәп. бу дөньяда өстен булу, нинди кызык, нинди рәхәт!  (фәнис яруллин,1968)",0,0,0,1,0,0,['joy'],train
tat_train_track_a_00108,сезгэ берничек тэ ярап булмый инде!!!,1,0,0,0,0,0,['anger'],train
tat_train_track_a_00109,син анын турда уйламадын мени?ник язасын алайса туктамаенчы?,0,0,0,0,0,1,['surprise'],train
tat_train_track_a_00110,"бик ошады,лилия алдагы коннэрендэ дэ унышлар телим))))",0,0,0,1,0,0,['joy'],train
tat_train_track_a_00111,"ул 2013 елда да булырга тиеш иде, булмады(",0,0,0,0,1,0,['sadness'],train
tat_train_track_a_00112,"сойлэмэгез инде ачуымны китереп!!!!!!!руль артына утырган хатын кыздан колэлэр инде, тик узлэренен машиналары булмаган ир атлар гына.так что богештермэгез!!",1,0,0,0,0,0,['anger'],train
tat_train_track_a_00113,блин кемгэдер кызык бугай име 😁,0,0,0,0,0,1,['surprise'],train
tat_train_track_a_00114,"маржа бу! йозенэ чыккан! тэресе дэ муенында! брат, синдэ гормоннар уйный! кирэкми ул сина! соныннан, аек акыл кайткач укенэчэксен!...",0,1,0,0,0,0,['disgust'],train
tat_train_track_a_00115,"рамис, нэрсэ булды?нигэ алай?",0,0,0,0,0,1,['surprise'],train
tat_train_track_a_00116,заебал син куршен бн!,1,0,0,0,0,0,['anger'],train
tat_train_track_a_00118,вот шундый кеше инде(,0,0,0,0,1,0,['sadness'],train
tat_train_track_a_00120,"вәт пәрәзитләр...шундый начар кешеләргә аптрыйм инде...нәрсә өчен эшлиләрдер шулай, башлары бук белән тулган...",1,0,0,0,0,0,['anger'],train
tat_train_track_a_00121,"минем кипкән иреннәре дерелдәп куйды, күзләреннән курку очкыннары сибелде.",0,0,1,0,0,0,['fear'],train
tat_train_track_a_00122,"бик зур рәхмәт, дустым!!! менә синең кебек дусларым канатландырып торганга да язылалар алар ахрысы... алла теләп, исән-сау булып, язгалап торырга насыйп булсын иде әле...",0,0,0,1,0,0,['joy'],train
tat_train_track_a_00123,"мин бик шат уземне сезнен рэтлэрдэ курэ алуыма!!! рэхмэт энже!! языгыз, аралашырбыз!",0,0,0,1,0,0,['joy'],train
tat_train_track_a_00124,"ишек төбендә исә бертуктаусыз бер чеби чыркылдый, ул да коточкыч янгын корбаны икән:(",0,0,0,0,1,0,['sadness'],train
tat_train_track_a_00125,альгиз жаным яратамын бит мин сине 😚,0,0,0,1,0,0,['joy'],train
tat_train_track_a_00127,мин синсез яшәргә өйрәндем –,0,0,0,0,1,0,['sadness'],train
tat_train_track_a_00128,"флера!чык нишлисен анда,тончыгасын бит!",0,0,1,0,0,0,['fear'],train
tat_train_track_a_00129,мин буклы корэк белэн кыйныйм 😝 ул бит кул кутэругэ саналмый?! 😝😝😝,0,1,0,0,0,0,['disgust'],train
tat_train_track_a_00131,ә ник син группага кермисең?,0,0,0,0,0,1,['surprise'],train
tat_train_track_a_00132,минемда йокы  килми.утырам але ни эшлярга да белми,0,0,0,0,1,0,['sadness'],train
tat_train_track_a_00134,"синен сузлэреннэн чыгып фикер йортсэн, монда акылсызлар утыра инде. э акыллыларнын монда утырырга вакыты юк.",1,0,0,0,0,0,['anger'],train
tat_train_track_a_00136,"жаныгызны сегим егет ана ойлэнмэгэн бит, шантаж хуйня ул",1,0,0,0,0,0,['anger'],train
tat_train_track_a_00138,"ике имчэгеннэн тотасын да,савасын,чилэгенне онытма только)",0,1,0,0,0,0,['disgust'],train
tat_train_track_a_00139,"уйныйк ,һәм көлик!!!",0,0,0,1,0,0,['joy'],train
tat_train_track_a_00140,шунада егетем юктырда инде((,0,0,0,0,1,0,['sadness'],train
tat_train_track_a_00143,алдакчыга ышанып буламы инде????????????неужели сина шундый дус кирэк?????,0,0,0,0,0,1,['surprise'],train
tat_train_track_a_00144,"юк ла инде, аллам сакласын кеше рэнжетергэ((",0,0,1,0,0,0,['fear'],train
tat_train_track_a_00145,сугыш башланмаса ярый инде! алла сакласын!,0,0,1,0,0,0,['fear'],train
tat_train_track_a_00146,"артык моңсу, моңлы, сагышлы, үзәкне өзә",0,0,0,0,1,0,['sadness'],train
tat_train_track_a_00148,ала курма! барысы да качып бетар!,0,0,1,0,0,0,['fear'],train
tat_train_track_a_00151,синен аягын сызлаганга буген кон импотент ку..гы шикелле булгандыр инде!!!,1,0,0,0,0,0,['anger'],train
tat_train_track_a_00152,алла алдакчы кыз икэн син име пипеец мина эллэ нэрсэлэр сылтыйсын😱😞,1,0,0,0,0,0,['anger'],train
tat_train_track_a_00153,"бик зуууур итеп рәхмәт, кызлар! язга чыгып, гөлбакчада йөргән кебек булдым!",0,0,0,1,0,0,['joy'],train
tat_train_track_a_00155,мин бара алмадым😭,0,0,0,0,1,0,['sadness'],train
tat_train_track_a_00156,тэти...бигрэк матур суз,0,0,0,1,0,0,['joy'],train
tat_train_track_a_00157,мин алтыда гына бушыйм((,0,0,0,0,1,0,['sadness'],train
tat_train_track_a_00158,"мин сина эйттем бит инде, тышта торабыз, нинди гандон булдын сон син сузендэ тора алмаган???",1,0,0,0,0,0,['anger'],train
tat_train_track_a_00159,ничек бетте инде?,0,0,0,0,0,1,['surprise'],train
tat_train_track_a_00160,"юкны да кызык итеп колэ идек, юкны да сэбэп итеп упкэлэшкэн чаклар да булгалый иде...",0,0,0,0,1,0,['sadness'],train
tat_train_track_a_00161,"һич көтмәгәндә әнисе рәхилә апа яшьли үлеп китә.әнисенең җеназасы өстенә ятып үкси – үкси елый алсу.әйтерсең,аның бу тормышта соңгы өметен,соңгы юанычын,соңгы шатлыгын тартып алганнар.",0,0,0,0,1,0,['sadness'],train
tat_train_track_a_00162,аллага шокер .узеннеке,0,0,0,1,0,0,['joy'],train
tat_train_track_a_00163,"тәмәке тартучы, фу",0,1,0,0,0,0,['disgust'],train
tat_train_track_a_00164,мин уземне яратам,0,0,0,1,0,0,['joy'],train
tat_train_track_a_00165,"да мне насрать что они там делают,да хоть друг другу жопу долбят,санга сукмыйм,ир-егетлэргэ санамыйм мин аларны,мин сина узеннен авылынны гына букла дим,минем авылга hэм бутэн татар авылларына кагылма",1,0,0,0,0,0,['anger'],train
tat_train_track_a_00166,минем күзләр калыр томан арасында кумелеп...,0,0,0,0,1,0,['sadness'],train
tat_train_track_a_00167,хэтерлисенме? эллэ инде син аларнын барсын да оныттындамы?..,0,0,0,0,1,0,['sadness'],train
tat_train_track_a_00168,"буген безнен гузель аскаровнанын туган коне .!без аны чын кунелдан туган коне б-н котлыйбыз!без ана бэхэт ,шатлык ,эшэнда унышлар ильдар абый белан тигез гомер итеуларен .,кызлары элари хэм камилэ аларга бары тик куаныч гына китереп торсыннар !туган конегез белан гузель аскаровна !",0,0,0,1,0,0,['joy'],train
tat_train_track_a_00169,син каян белэсен атасы икэнен?вскрывал чтоли?)))),0,0,0,0,0,1,['surprise'],train
tat_train_track_a_00170,без монда икэу генэ эллэ???)))),0,0,0,0,0,1,['surprise'],train
tat_train_track_a_00172,яманлык телибез дуска,1,0,0,0,0,0,['anger'],train
tat_train_track_a_00173,кайтыр юллар юк анда.,0,0,0,0,1,0,['sadness'],train
tat_train_track_a_00175,"мадина, узеп аптырап киттем) ничек икан мин, шулай матур язып куйдым)))",0,0,0,0,0,1,['surprise'],train
tat_train_track_a_00176,матур шигырьен дога булсын эбиларебезга рима!,0,0,0,1,0,0,['joy'],train
tat_train_track_a_00177,"температура юк,тамагым авырта(((",0,0,0,0,1,0,['sadness'],train
tat_train_track_a_00179,"мин симез,талия юк,фигура юк,бетчэле,тырнакларым ямьсез,кереклэрем озын тугел,сэламэтлек юк,куз топлэрем утырган минем,спортта мин калшам",0,1,0,0,0,0,['disgust'],train
tat_train_track_a_00180,"әй, чукынып_кына йөрмә монда, сасы көзән!",0,1,0,0,0,0,['disgust'],train
tat_train_track_a_00181,туган көнең белэн !!! шәйми бабай )),0,0,0,1,0,0,['joy'],train
tat_train_track_a_00183,"азат, тссс!!! ботен кешегэ эйтмилэр инде 😳",0,0,1,0,0,0,['fear'],train
tat_train_track_a_00185,"пикет оештырабыз))) путинга әйт әле, братан, монда беспредел, һ.такташларның каберләрен вандаллар җимергән дип.",1,0,0,0,0,0,['anger'],train
tat_train_track_a_00186,чыбыксыз инет шулай тупит итэ микэнни ул?)),0,0,0,0,0,1,['surprise'],train
tat_train_track_a_00188,"акча жэл тугел, хислэр эрэм... вакыт бушка узган...",0,0,0,0,1,0,['sadness'],train
tat_train_track_a_00189,нигэ бардын сон ял булмагач?,0,0,0,0,0,1,['surprise'],train
tat_train_track_a_00190,анда табыннары горлэп тора!),0,0,0,1,0,0,['joy'],train
tat_train_track_a_00192,чыкты куйды куык борыннан.,0,1,0,0,0,0,['disgust'],train
tat_train_track_a_00193,тормыш алга бара тик кунгелдэ хэтирэлэр кала,0,0,0,0,1,0,['sadness'],train
tat_train_track_a_00194,"синен бу сузлэрдэн,эллэ ничек куркыныч булып китте 😱 😱",0,0,1,0,0,0,['fear'],train
tat_train_track_a_00195,ничек төшенмичә калсын ул?,0,0,0,0,0,1,['surprise'],train
tat_train_track_a_00196,анда диджей бар??,0,0,0,0,0,1,['surprise'],train
tat_train_track_a_00197,"икенче ""марыкмахерга"" барырга вакыт юк иде,мине курсэн эчен ката,сама в шоке 😂",0,0,0,0,0,1,['surprise'],train
tat_train_track_a_00198,"әйтмә инде,кара инде моны",1,0,0,0,0,0,['anger'],train
tat_train_track_a_00200,"менэ минем театральныйга укырга керэсе килэ.,эни эйтэ я табиб яки укытучы ди:(инде ничэ жыладым,ничек аларны кумдереп була ул?кинэшлэр бирегез эле:(",0,0,0,0,1,0,['sadness'],train
tat_train_track_a_00201,синдэ дэ ул гадэт яшимени?,0,0,0,0,0,1,['surprise'],train
tat_train_track_a_00202,мин рэтлэм кы3лар бн танышыпр утыра идем!икен4е тапкыр кердем уже юк!,0,0,0,0,0,1,['surprise'],train
tat_train_track_a_00203,"нәтиҗә: июльнең прәме иң-иң шәп язмасы - ""китап укыйм да елыйм""!!!! авторны ихластан котлыйбыз!!!!)))",0,0,0,1,0,0,['joy'],train
tat_train_track_a_00204,"ямьсез ужс,выпускной альбомынв ничек тошермен",0,1,0,0,0,0,['disgust'],train
tat_train_track_a_00205,бу сүзләрдән башта куркып калды,0,0,1,0,0,0,['fear'],train
tat_train_track_a_00207,иманын сегим остэрэк бетесе минем арчанынкы ди хэзер кутак чэйни башлады)),0,1,0,0,0,0,['disgust'],train
tat_train_track_a_00208,юк юк юк дидем!,1,0,0,0,0,0,['anger'],train
tat_train_track_a_00209,борчылам!алар арасында булачак укытучылар булуы момкин!э хэзердэн ук узлэренен белемнэренэ шулай жавапсызлык белэн караган кешедэн ничек яхшы укытучы чыксын?!,0,0,1,0,0,0,['fear'],train
tat_train_track_a_00210,дадада!!) еще ике кулляр якшылаар!!),0,0,0,1,0,0,['joy'],train
tat_train_track_a_00211,ялгышлардан куркып яшәдем мин,0,0,1,0,0,0,['fear'],train
tat_train_track_a_00213,"самый авыры балага тошэ...уйламыйсыз,баш белэн уйламыйсыз!!",1,0,0,0,0,0,['anger'],train
tat_train_track_a_00215,анда кемнәр барын күреп кал!,0,0,0,0,0,1,['surprise'],train
tat_train_track_a_00216,авыл татар теле дә урыслаша бара,0,0,0,0,1,0,['sadness'],train
tat_train_track_a_00217,"югалтасын килми икэн,дуслаш. анлар эле ул аннары гаебен.",0,0,0,0,1,0,['sadness'],train
tat_train_track_a_00218,"ужас, чакыртасын инде, бик телэгэч...",0,0,1,0,0,0,['fear'],train
tat_train_track_a_00219,"- синең ни эшең, тыгылсани? син дә бит тыгыласың!",1,0,0,0,0,0,['anger'],train
tat_train_track_a_00220,бүтән чыдый алмыйм. мине төнлә үтерәчәкләр,0,0,1,0,0,0,['fear'],train
tat_train_track_a_00222,"смотря ничек таратасын инде.озаклап утырасындыр син.эш эшлэгэч тэ спускай тиз генэ,исе чыкканчы.хэзер синнэн сон бэдрэфкэ кергэн кешенен ничек яшисе килгэнен куз алдыма китерэм",0,1,0,0,0,0,['disgust'],train
tat_train_track_a_00224,әни вафат булган ..,0,0,0,0,1,0,['sadness'],train
tat_train_track_a_00225,минем җанын көйрәтте.,0,0,0,0,1,0,['sadness'],train
tat_train_track_a_00226,"... эни турында... бер кеше дэ нэкъ синенчэ, соя белми... бала очен синен кебек  янмый-койми. тик син генэ, балам, диеп  кон итэсен. хыялында минем белэн юл утэсен. мин дэ аны тоям кебек  жаным белэн, башым иеп,энкэй сина  рэхмэт диям. яшэ шулай озак еллар  шатлык очен. сурелмэсен мэнгегэ дэ  яшэу кочен.",0,0,0,1,0,0,['joy'],train
tat_train_track_a_00227,"райлэ,ярый фотосын юк иткэнсез эле, шул уродны куругэ  калтырана башлыйм, эчем тулы нэфрэт,  шул гэудэсе белэн ничек коче житкэн шул сабыйны жинэргэ, кабахэт.",0,1,0,0,0,0,['disgust'],train
tat_train_track_a_00228,вау бигрэк матур)),0,0,0,0,0,1,['surprise'],train
tat_train_track_a_00230,попа булган ул 😔,0,0,0,0,1,0,['sadness'],train
tat_train_track_a_00232,"юләр, консыз, җирәнгеч, кешелекнең бөтен яхшы сыйфатларыннан мәхрүм...",0,1,0,0,0,0,['disgust'],train
tat_train_track_a_00233,"кызы булса кермә араларына!!!кыз аны көтә,син араларын бозма!",1,0,0,0,0,0,['anger'],train
tat_train_track_a_00234,"буген барам шулай бауман урамыннан. арттан кемнэрдер йогерэ, ишетэм инде. тавыш хаманда якыная, якыная хэм кинэтт шынгырдап башка каты гына эйбер килеп очты. чи йомырка икэн кэхэр сукканнар. 3 егет, урамда кемгэ попал йомырка атып йорилэр. бауманга тошмэгез буген.",0,1,0,0,0,0,['disgust'],train
tat_train_track_a_00235,һаман әле карап сагышланам туебызда төшкән сурәтне.,0,0,0,0,1,0,['sadness'],train
tat_train_track_a_00237,нинди кыен бу тормыш...,0,0,0,0,1,0,['sadness'],train
tat_train_track_a_00238,йөрәгемнең белмим ни эшләрен .,0,0,0,0,1,0,['sadness'],train
tat_train_track_a_00240,...күз яшьләре булып коеладыр,0,0,0,0,1,0,['sadness'],train
tat_train_track_a_00241,"бар инде шунда проблемалар,бар да жайлы гына бармый",0,0,0,0,1,0,['sadness'],train
tat_train_track_a_00242,сагынамын сезне хаман,0,0,0,0,1,0,['sadness'],train
tat_train_track_a_00244,нигэ ул сина?=)),0,0,0,0,0,1,['surprise'],train
tat_train_track_a_00245,тәмле төшләр күрергә язсын!,0,0,0,1,0,0,['joy'],train
tat_train_track_a_00246,"э син андый тугел,фу",0,1,0,0,0,0,['disgust'],train
tat_train_track_a_00248,көтә-көтә ул да кабердә...,0,0,0,0,1,0,['sadness'],train
tat_train_track_a_00249,"бу подслушано тугел , сайт знакомств и торговый дом га эйлэнеп беткэн бит инде. мина ул ошый , мина тегесе ошый , шундый шундый киемдэ килгэн иде , шул кеше лайк куйсын эле , куплю это , продам то и так далее!",0,1,0,0,0,0,['disgust'],train
tat_train_track_a_00250,"балалар еклый-кайф,мин мунчадансон ятам- двойной кайф.^_^",0,0,0,1,0,0,['joy'],train
tat_train_track_a_00251,"ул арада безнең солдатлар бу территориягә якынлашканнар. немецлар, әлбәттә, моны белә һәм концлагерьда калган кешеләрне дә атып үтерә башлыйлар.",0,0,1,0,0,0,['fear'],train
tat_train_track_a_00252,син служить итэсен тугелмэ сон?),0,0,0,0,0,1,['surprise'],train
tat_train_track_a_00253,тартып бара мэллэ ул аны?????????,0,0,0,0,0,1,['surprise'],train
tat_train_track_a_00254,кыш суыгы ник үтми? -,0,0,0,0,0,1,['surprise'],train
tat_train_track_a_00255,"как обычно ул машинага тоялеп йоргэн егетлэр ( лузерлар, мескеннэр,кызларсыз интеккэн нэмэлэр) шулар кыйланалар, пиво шешэсен эчеп бетергэч тэрэзэсенэн ыргыталар!",1,0,0,0,0,0,['anger'],train
tat_train_track_a_00257,сине уйлап яна йорэгем:),0,0,0,1,0,0,['joy'],train
tat_train_track_a_00259,"тэмле йокы, бэхетле кеше!!!!",0,0,0,1,0,0,['joy'],train
tat_train_track_a_00261,сатып алам дигэн. не тупи!,1,0,0,0,0,0,['anger'],train
tat_train_track_a_00262,"саклап калдык союне дэ, тапламадык...",0,0,0,0,1,0,['sadness'],train
tat_train_track_a_00263,"ягымлы җыр, матур дәртле көйгә",0,0,0,1,0,0,['joy'],train
tat_train_track_a_00264,ялан аяклы фотосүрәтләрне өстәргә ярамый бу төркемдә!,1,0,0,0,0,0,['anger'],train
tat_train_track_a_00265,"татарстанда татар теле - формаль дәүләт теле. һәм татарстан безгә үрнәк булырга тиеш (уфа бит ""татар башкаласы"" түгел, ә казан шәһәре!)  ә татарстан да татар теле к...т тиешегендә булганда, без  нәрсә эшли алабыз? менә башкорт теле - дәүләт теле һәм формаль булса да трдагы татар теленнән шәбрәк куллана (визуаль яктан)",1,0,0,0,0,0,['anger'],train
tat_train_track_a_00266,"рәсәй татарларга иксез-чиксез газаплар алып килде,инде татар телен бетереп бара.әгәр дә рәсәй татарлардан гафу үтенеп,аларның бөтен милли хокукларын тулаем үтәргә мөмкинлек тудырмаса--бу илнең киләчәге юк!",1,0,0,0,0,0,['anger'],train
tat_train_track_a_00267,"хэеле кич дускайларым.кадерлелэрем минем!!хэллэрегез??ялга балалар кайтканнардыр,минекелэр юк-кайтмадылар элеее.юксындым..шушы жырны тынлап..............",0,0,0,0,1,0,['sadness'],train
tat_train_track_a_00268,сэгать 10.53 тэ ничек йокы туя ала ул?,0,0,0,0,0,1,['surprise'],train
tat_train_track_a_00269,"җырлардан түгел, аллаһның газабыннан, тәмуг утыннан куркып еларга кирәк❗",0,0,1,0,0,0,['fear'],train
tat_train_track_a_00270,кеше гаилэсен жимереп йормэсен ул курше егет...кызлар беткэн ди ана!,1,0,0,0,0,0,['anger'],train
tat_train_track_a_00271,бу жырларны жырлап утырырга була!,0,0,0,1,0,0,['joy'],train
tat_train_track_a_00272,бэхетле булыгыз)),0,0,0,1,0,0,['joy'],train
tat_train_track_a_00273,хеопс пирамидасы. йоз утыз сигез метр!,0,0,0,0,0,1,['surprise'],train
tat_train_track_a_00274,хөрмәтле дуслар! бу сайтка кереп роберт каримовка тавыш бирегез әле.зур рәхмәт!,0,0,0,1,0,0,['joy'],train
tat_train_track_a_00275,"сагынам, күрешергә кирәк.",0,0,0,0,1,0,['sadness'],train
tat_train_track_a_00276,бэгрем кая юкка чыктын син?:)),0,0,0,0,0,1,['surprise'],train
tat_train_track_a_00278,"вапще эйеме,бук башына сине кыерсытып утыра,эшэке кызый))",1,0,0,0,0,0,['anger'],train
tat_train_track_a_00279,җаның өйдә тынычлыгын тапсын.,0,0,0,0,1,0,['sadness'],train
tat_train_track_a_00281,бер барган идем исерек абый биеп йори иде,0,1,0,0,0,0,['disgust'],train
tat_train_track_a_00282,"дуслаааар укытучыма гашыйк булдым, тик ул 4елга олырак һәм маржа 😩",0,0,0,0,1,0,['sadness'],train
tat_train_track_a_00283,кузлэрем бик монсуланган,0,0,0,0,1,0,['sadness'],train
tat_train_track_a_00284,"радик, сэгатен тулды.. бэхетлеме син эйт шуны???)))",0,0,0,0,0,1,['surprise'],train
tat_train_track_a_00285,9 класска барам:) булачак 9 ларга удачи)),0,0,0,1,0,0,['joy'],train
tat_train_track_a_00286,мин татар тугел димэ башынны ватармын!,1,0,0,0,0,0,['anger'],train
tat_train_track_a_00287,фуууууу.... бик интексэн досуг бар анын очен!!! бу группа тугел!,0,1,0,0,0,0,['disgust'],train
tat_train_track_a_00288,"шигырьләрне куярга куркыта башлады,чын әгәр!",0,0,1,0,0,0,['fear'],train
tat_train_track_a_00290,уродка диеп инде аллах нинди бит биргэн бит!,0,1,0,0,0,0,['disgust'],train
tat_train_track_a_00291,сүнде инде дисәм хисләрем .,0,0,0,0,1,0,['sadness'],train
tat_train_track_a_00292,ай да якты йозе белэн,0,0,0,1,0,0,['joy'],train
tat_train_track_a_00293,кайсыгыз кояш тотылганын курде?) ай кайсы якка хэрэкэт итте сон??.анон:),0,0,0,0,0,1,['surprise'],train
tat_train_track_a_00295,"""серле сандык"" әй зирәк син!",0,0,0,1,0,0,['joy'],train
tat_train_track_a_00296,"эндже,туган кэнен белэн!",0,0,0,1,0,0,['joy'],train
tat_train_track_a_00297,"чөнки буш извозчик очрата алмадык та, җәяү барырга туры килде:(",0,0,0,0,1,0,['sadness'],train
tat_train_track_a_00298,фу алай эчеп булмай,0,1,0,0,0,0,['disgust'],train
tat_train_track_a_00299,"анламыйм, кеше эчэ дип, сезнен авызыгызга беркемдэ мэжбур итеп салмый бит инде, уз башыгыз узегездэ!",1,0,0,0,0,0,['anger'],train
tat_train_track_a_00300,"кит аннан,ничек булган ул?😱",0,0,1,0,0,0,['fear'],train
tat_train_track_a_00301,барсының да шатлык йөзләрендә,0,0,0,1,0,0,['joy'],train
tat_train_track_a_00302,шүрәле хезмәтчеләре - үтә ямьсез...,0,1,0,0,0,0,['disgust'],train
tat_train_track_a_00303,авыл кешесенэ авыр хезмэтендэ:(,0,0,0,0,1,0,['sadness'],train
tat_train_track_a_00304,"әле җепләр алгач, бу арада авырдан маташтым((",0,0,0,0,1,0,['sadness'],train
tat_train_track_a_00305,бик мәгънәле шигырь!,0,0,0,1,0,0,['joy'],train
tat_train_track_a_00306,"хэерле иртэ, дуслар!!!",0,0,0,1,0,0,['joy'],train
tat_train_track_a_00307,"куркам, я үзем исемемнән язып утыртырлар әле. хәзерге заманда нәрсәләр генә булмый.",0,0,1,0,0,0,['fear'],train
tat_train_track_a_00309,"зульфия ! матур ,куркэм шигырен очен зур рэхмэт !",0,0,0,1,0,0,['joy'],train
tat_train_track_a_00310,тик җылы сүз көттем тилмереп...,0,0,0,0,1,0,['sadness'],train
tat_train_track_a_00312,авыр туфрагы жинел булсын!,0,0,0,0,1,0,['sadness'],train
tat_train_track_a_00315,"хэерле иртэ,дусларым!!!",0,0,0,1,0,0,['joy'],train
tat_train_track_a_00316,"7 февраль – татарстан республикасының туграсы(герб) кабул ителгән көн!  “азатлык” татар яшьләре берлеге рәисе наил нәбиуллинның котлавы:  хөрмәтле милләттәшләрем! 7 февраль - татарстан республикасының туграсы(гербы) көне. җөмһүриятебезнең төп символы 1992 елда, ягъни моннан 22 ел элек, тр югары советында кабул ителә. сезне әлеге тарихи вакыйга белән ихластан тәбрик итәм!",0,0,0,1,0,0,['joy'],train
tat_train_track_a_00317,ой рәхмәт дускаем.амин шулай була гына күрсен.,0,0,0,1,0,0,['joy'],train
tat_train_track_a_00318,гульнаралар чибэр инде ул 🙈🙉,0,0,0,1,0,0,['joy'],train
tat_train_track_a_00319,күңелнең моңсулыгы.,0,0,0,0,1,0,['sadness'],train
tat_train_track_a_00321,"халкым киң күңелле, сөйкемле.",0,0,0,1,0,0,['joy'],train
tat_train_track_a_00322,"мин егет белэн кунганда усырасы килэ,лэкин усырып булмый, шунын очен эчем хава белэн тула.ойемэ кайткач шатыр добер усырып йори. простите меня",0,1,0,0,0,0,['disgust'],train
tat_train_track_a_00323,"әллә ничек, косасы килеп, башы әйләнә, йөрәге чәнчи иде.",0,1,0,0,0,0,['disgust'],train
tat_train_track_a_00324,"бик пешерер идек тэ эшлибез шул, э сезнеке тэмле булсын!",0,0,0,1,0,0,['joy'],train
tat_train_track_a_00325,тэрэзэнэ бер кен бэрде карлы янгыр кемдер эйте туз син язмышын шулайдыр ките ул ашыгып ките ул хушлашми кемгэдер упкэлэп деняны анлами.......бу җырны кем җырлый булышыгыз пожалуйста😞,0,0,0,0,1,0,['sadness'],train
tat_train_track_a_00326,янган тирес исе...,0,1,0,0,0,0,['disgust'],train
tat_train_track_a_00327,"култык астында ис икелэ, бер дизадорант алган идем, начар булган зараза( безнен илдэ бер жунне эйбердэ юк инде..",0,1,0,0,0,0,['disgust'],train
tat_train_track_a_00328,"бигрэк оятсыз кешелэр китте, э! моны эшлэп бирегез, тегене эшлэп бирегез! эйтерсен, бутэн эшлэребез юк!)",1,0,0,0,0,0,['anger'],train
tat_train_track_a_00329,"мин ашаган да, карап торсан!!!",1,0,0,0,0,0,['anger'],train
tat_train_track_a_00330,зур рэхмэт^^ мин нык тырыштым:),0,0,0,1,0,0,['joy'],train
tat_train_track_a_00331,"мәчет манарасы төрле төстәге фонарьлар белән яп-якты яктыртылган, азан әйтә торган җирендә әллә ничә кеше кычкырып бик күңелле итеп мөнәҗәт әйтәләр иде. апалар да чыктылар: төн уртасына кадәр тыңлап тордык.",0,0,0,1,0,0,['joy'],train
tat_train_track_a_00332,э минем эшлэсе юк!!!,1,0,0,0,0,0,['anger'],train
tat_train_track_a_00333,иремнен туганнарына да кирэгебез юк:(,0,0,0,0,1,0,['sadness'],train
tat_train_track_a_00334,булмаган эйберне бит инде!!,1,0,0,0,0,0,['anger'],train
tat_train_track_a_00335,"1 ай диета тоттым, башыннан бирле ураза тотам, барыбер ябыга алмыйм:( ураза вакытына 4 кг га ябыктым, но все равно аяклар ябыкмыый 😭",0,0,0,0,1,0,['sadness'],train
tat_train_track_a_00336,яхшы 👍 😄,0,0,0,1,0,0,['joy'],train
tat_train_track_a_00337,"лилия, чынлап та шулаймы? минем эле андыйны кургэнем юк иде)))",0,0,0,0,0,1,['surprise'],train
tat_train_track_a_00338,афарин!! татарча язасын!!!,0,0,0,1,0,0,['joy'],train
tat_train_track_a_00339,"буген иртэн эшкэ барганда маршрутка шыгрым тулы иде, еще бер симез хатын кереп басты...",1,0,0,0,0,0,['anger'],train
tat_train_track_a_00340,йокы килми имэ сонгы коннэрдэ. шулай итэ инде ул,0,0,0,0,1,0,['sadness'],train
tat_train_track_a_00344,бу маржалар гел курку дигэнне онытканнар!....без элек келэмдэ чит корэчшелэрнен кулын сындыра идек...бу урыснын да кулын сындырасы калган!,1,0,0,0,0,0,['anger'],train
tat_train_track_a_00346,татарлар бэйлэнергэ сэбэпне гел таба белэ инде),0,1,0,0,0,0,['disgust'],train
tat_train_track_a_00347,татар түгел димә--башың ватармын!,1,0,0,0,0,0,['anger'],train
tat_train_track_a_00349,"мин иртэ белэн бер 20 мин. тирэсе юлда булам, шул арада максимум ике жыр тынларга олгерэм, калганы - костыргыч лыгырдау!",0,1,0,0,0,0,['disgust'],train
tat_train_track_a_00350,алла нинди чаян журналы булып киткэн монда)),0,0,0,0,0,1,['surprise'],train
tat_train_track_a_00352,күңелемә кояш кабыздың,0,0,0,1,0,0,['joy'],train
tat_train_track_a_00355,минеке дә 19 булачак.беренче тапкыр булгач нык куркыта,0,0,1,0,0,0,['fear'],train
tat_train_track_a_00356,"без дә котлыйбыз!!! бәхетле, имин, тату гаилә булырга язсын, сезгә яшьләр!!!!",0,0,0,1,0,0,['joy'],train
tat_train_track_a_00357,ник алай дисен?),0,0,0,0,0,1,['surprise'],train
tat_train_track_a_00358,"минем беренче укытучым багаутдинова дания габдрахмановна (мукминова) татарстан чистай районы кызыл ялан авылы башлангыч мэктэбе , укытучым  хэзердэ исэн сау , лаеклы ялда шул ук авылда гомер кичерэ , ана исэнлек , саулык , балаларынын рэхэтен куреп , озын гомер итуен телим, голсинэ мусина",0,0,0,1,0,0,['joy'],train
tat_train_track_a_00360,"чишмә төсле, ихтыярсыз акты китте яшьләрем.",0,0,0,0,1,0,['sadness'],train
tat_train_track_a_00361,менэ бит дуслар! бик куркыныч!,0,0,1,0,0,0,['fear'],train
tat_train_track_a_00362,"хэр адымда,шундый бэхетсез,ялгыш язмыш корбаннары",0,0,0,0,1,0,['sadness'],train
tat_train_track_a_00363,(( гел мине әрлисең,0,0,0,0,1,0,['sadness'],train
tat_train_track_a_00364,"тукта янгыр,тукта янгыр яума эле...заебал инде син!",1,0,0,0,0,0,['anger'],train
tat_train_track_a_00365,мин бит дәшәм сине сагынып...,0,0,0,0,1,0,['sadness'],train
tat_train_track_a_00367,"германия, норвегия, голландия спортчылары бер-бер артлы алтын медальләр яулый торгач, безнекеләр өчен чыннан да борчылу барлыкка килде",0,0,1,0,0,0,['fear'],train
tat_train_track_a_00373,бе3дэ янгырлар бик яумады. ну пе4эн чабп жэй утте((((((((((,0,0,0,0,1,0,['sadness'],train
tat_train_track_a_00374,үз тирәсендәге язылышып яки язылышмыйча гына торып караган хатын-кызлардан ахыр чиктә туйган идем инде.,0,1,0,0,0,0,['disgust'],train
tat_train_track_a_00375,"тф.ны атып бэрердэй булдым..берконне энигэ бурыч килеп тоште,заблокировать итэргэ заявление язган иек,куптэн,шул килеш яткан,озмэгэннэр операторлар,бурыч жыелган,тулэп янадан оздердек..аферисты..шалтыратсан алмыйлар,коне буе котэргэ кирэк..",1,0,0,0,0,0,['anger'],train
tat_train_track_a_00377,"белмим инде, алла сакласын! андый жирдән кеше булып чыкмыйлар! димәк, көтмәскә((",0,0,1,0,0,0,['fear'],train
tat_train_track_a_00378,кызыкларын узен яз !!! таралса тарала инде....хэр кешенен уз эше !,1,0,0,0,0,0,['anger'],train
tat_train_track_a_00379,кемнэргэ ошамый тат.рэп хэмдунэне тынлагыз нах...!,1,0,0,0,0,0,['anger'],train
tat_train_track_a_00380,"э бит кайчандыр, бер-беребездэн башка тора алмый идек...",0,0,0,0,1,0,['sadness'],train
tat_train_track_a_00381,уже дождь идёт!неужели мондый янгырлы конне сабантуй булыр инде?;-(,0,0,0,0,1,0,['sadness'],train
tat_train_track_a_00382,бу кызны алып атыгыз әле ә...,1,0,0,0,0,0,['anger'],train
tat_train_track_a_00383,"мдә)) татар телен хөрмәт итмиләр. димәк, бу фашистларның күтенә тибәргә кирәк",0,1,0,0,0,0,['disgust'],train
tat_train_track_a_00385,йөрәгем өзгәләмә...,0,0,0,0,1,0,['sadness'],train
tat_train_track_a_00386,"ааааааа...яна жыр чыкты ленар яшеннен,кайфуем,ппц матур****гашыйк булдым жырга....исем китми бутэн анон",0,0,0,1,0,0,['joy'],train
tat_train_track_a_00388,"алдама узенне, ышандырма, онутуы жайлырак булачак",0,0,0,0,1,0,['sadness'],train
tat_train_track_a_00389,"мисез яшәве рәхәттер,ә?",1,0,0,0,0,0,['anger'],train
tat_train_track_a_00390,рәхмәт яусын!,0,0,0,1,0,0,['joy'],train
tat_train_track_a_00391,"сойгэн кешелэрне югалтмый,рэнжетми!",1,0,0,0,0,0,['anger'],train
tat_train_track_a_00392,"илюза,нишлэп 5 тугел???=)))",0,0,0,0,0,1,['surprise'],train
tat_train_track_a_00393,"борчылма. кыз өйдә югында, мин дә борчыла башлыйм, өсләргә ябып йөрим.",0,0,1,0,0,0,['fear'],train
tat_train_track_a_00394,"авыру балаларга , акчалата булышыр идем. 😥",0,0,0,0,1,0,['sadness'],train
tat_train_track_a_00396,да матур сузлэр генэ...😊,0,0,0,1,0,0,['joy'],train
tat_train_track_a_00397,"нига карыйсын мина кузенне алартып, ашарга бир жадина!!",1,0,0,0,0,0,['anger'],train
tat_train_track_a_00398,"син бит резко наезжать итэ башладын да, каушап калдым))",0,0,0,0,0,1,['surprise'],train
tat_train_track_a_00399,яраланып беткән җанкаемны,0,0,0,0,1,0,['sadness'],train
tat_train_track_a_00402,"хэерле кичлэр, дусларым !!!нихаять мин дэ сандыкка кердем!!! сезне бииииик сагындым!!!",0,0,0,0,1,0,['sadness'],train
tat_train_track_a_00403,"менэ шул ойдэге ботен телефоннар,телевизор,компютер и тд барсы да янган😨",0,0,1,0,0,0,['fear'],train
tat_train_track_a_00405,моң-сагышлы төрки кәеф..,0,0,0,0,1,0,['sadness'],train
tat_train_track_a_00406,бәхетсез мәхәббәт-тәмугъ уты,0,0,0,0,1,0,['sadness'],train
tat_train_track_a_00407,"ой, ул пычрак политикага керэсе дэ килми)",0,1,0,0,0,0,['disgust'],train
tat_train_track_a_00408,тәмле йокы),0,0,0,1,0,0,['joy'],train
tat_train_track_a_00409,"купме пычырак, шунда носки бн йорергэ ещё, грибок элэктерерсез эле, фуу",0,1,0,0,0,0,['disgust'],train
tat_train_track_a_00410,базга тошмэгэн сигнализациядэн курыккан микэн????????,0,0,0,0,0,1,['surprise'],train
tat_train_track_a_00411,"синең ми тартмаңа катлаулы истәлекләр түгел, өч тәңкәлек сасы аракы сөреме_генә тутырылган.",0,1,0,0,0,0,['disgust'],train
tat_train_track_a_00412,жаны булмаса толку булэк итудэн!,1,0,0,0,0,0,['anger'],train
tat_train_track_a_00413,"урррррааааа... шэп булды, куптэн коткэн идем! рэхмэт ижатыгыз очен!",0,0,0,1,0,0,['joy'],train
tat_train_track_a_00414,күзләремнән яшь чыкмаган мәлем:(,0,0,0,0,1,0,['sadness'],train
tat_train_track_a_00415,салават абыйның бар җырлары да тирән мәгънәле. аның тавышы йөрәкне уята)) мин аны яратам)),0,0,0,1,0,0,['joy'],train
tat_train_track_a_00416,"ууф, мля, таза булсан таза бул, ябык булсан ябык бул! туйдырдыгыз(сама плотная, ниче норм хожу)",1,0,0,0,0,0,['anger'],train
tat_train_track_a_00417,"ташлыйм дигәч ташлыйм ,әйттем - бетте!",1,0,0,0,0,0,['anger'],train
tat_train_track_a_00418,әллә нинди ямьсез зәңгәр төскә кереп ванна бүлмәсенә килдем,0,1,0,0,0,0,['disgust'],train
tat_train_track_a_00421,бу елны вообще укыйсы килми((((((((,0,0,0,0,1,0,['sadness'],train
tat_train_track_a_00422,"фу, анаңның кызыл эчле галушы. үтерде",0,1,0,0,0,0,['disgust'],train
tat_train_track_a_00423,яшәр өчен омет бар !,0,0,0,1,0,0,['joy'],train
tat_train_track_a_00424,кутак та калмаган анда),0,1,0,0,0,0,['disgust'],train
tat_train_track_a_00426,7 ай... сагынабыз...,0,0,0,0,1,0,['sadness'],train
tat_train_track_a_00428,төнне күчерергә көч җитмәс,0,0,0,0,1,0,['sadness'],train
tat_train_track_a_00429,син малай кызлар бн флиртовать итсэн мине монда кысылдырма! ярыйма?!,1,0,0,0,0,0,['anger'],train
tat_train_track_a_00430,hэр эни бер качан да шулай эйтмэс!!,1,0,0,0,0,0,['anger'],train
tat_train_track_a_00431,барысы да яхшыга бара:),0,0,0,1,0,0,['joy'],train
tat_train_track_a_00432,рэхмээт бик зуур:) сезгэ дэ шулай ук:),0,0,0,1,0,0,['joy'],train
tat_train_track_a_00433,"кит инде, кит! юкны суйлямэ",1,0,0,0,0,0,['anger'],train
tat_train_track_a_00434,иии рамиль абый кеше хатасы тозэтудэн башкада эшен куп бит ничек житешэсен ээээ????,0,0,0,0,0,1,['surprise'],train
tat_train_track_a_00435,да мин узем тут аптырап утырам😂,0,0,0,0,0,1,['surprise'],train
tat_train_track_a_00436,"хэерле иртэлэр,дусларым!!коннэрегез  кунелле утсен!!",0,0,0,1,0,0,['joy'],train
tat_train_track_a_00438,"йа рабби, тагын нинди сынаулар җибәрдең миңа?!",0,0,0,0,0,1,['surprise'],train
tat_train_track_a_00439,"кадерле кунакларыбыз ,  туган көн өстәленә көтәбез!!!!! рәхим итегез!!!!!!",0,0,0,1,0,0,['joy'],train
tat_train_track_a_00440,башкортстанга тагын бер табут кайтты,0,0,0,0,1,0,['sadness'],train
tat_train_track_a_00441,бу язманы мин гомүмән аңламадым...нәрсә тынып калдыгыз? тәрҗемә итимме урыс теленә? сезгә уңайрак бит,0,0,0,0,0,1,['surprise'],train
tat_train_track_a_00443,исем исем инде) казан ны ботен жирдэ дэ казан дилэр бит) ник чишмэбаш чишмабаш булырга тиеш?),0,0,0,0,0,1,['surprise'],train
tat_train_track_a_00444,3 бала белэн бер терэксез калдым,0,0,0,0,1,0,['sadness'],train
tat_train_track_a_00445,"бу урамны басып, килгән утның дәһшәтеннән куркып хәтта ул урамның кабан күле ягындагы йортларның да ияләре әйберләрен чыгарырга тотыналар.",0,0,1,0,0,0,['fear'],train
tat_train_track_a_00446,"эй, дустым, бу кадэр елап- елап  эзлэп тэ табылмасалар...",0,0,0,0,1,0,['sadness'],train
tat_train_track_a_00447,исәнмесез! шушы җырның минусовкасы юк микән ары-бире?! нык матур!,0,0,0,1,0,0,['joy'],train
tat_train_track_a_00449,юк дим!,1,0,0,0,0,0,['anger'],train
tat_train_track_a_00450,нишлап юк ул????,0,0,0,0,0,1,['surprise'],train
tat_train_track_a_00451,"эйе жавап бирмибез,имеш аныкылар!",1,0,0,0,0,0,['anger'],train
tat_train_track_a_00452,татар яшләре форумына мондый резолюция кабул итүләре өчен зур рәхмәт!,0,0,0,1,0,0,['joy'],train
tat_train_track_a_00453,"браслетым югалды, бер жирдэ юк, шуны эзлим😞",0,0,0,0,1,0,['sadness'],train
tat_train_track_a_00454,сина вощ кызлар кирэкми?!! или...,0,0,0,0,0,1,['surprise'],train
tat_train_track_a_00455,телне шундый бозып сөйлисең!,1,0,0,0,0,0,['anger'],train
tat_train_track_a_00456,"кадерле энием! сине ихлас күңелдән туган көнең белән котлыйм. сиңа аяз күк йөзе, шомырт чәчкәседәй ак бәхетләр, корычтай нык сәламәтлек, кояштай озын гомер, чиксез шатлыклар телим. сабыр холыклы, мәрхәмәтле, ярдәмчел, кадерлеләрдән кадерле син. киләчәктә дә киң күңелле, ачык йөзле, олы йөрәкле булып кал. ходай насыйп итеп сиңа алдагы көннәреңдә дә сәламәтлек белән гомер итәргә, безнең шатлыкларга сөенеп яшәргә язсын иде… туган конен белэн энием ❤😘🌸 😊 😊",0,0,0,1,0,0,['joy'],train
tat_train_track_a_00457,нинди песигэ тагын ??? син муен авырта дисен тугелме сон???))),0,0,0,0,0,1,['surprise'],train
tat_train_track_a_00458,"- матурым, мин яратам сине!  - ой, булды.",0,0,0,1,0,0,['joy'],train
tat_train_track_a_00459,инетта утырыпмы?,0,0,0,0,0,1,['surprise'],train
tat_train_track_a_00460,алайса эчен китсен! эчмэссен бутэн!,1,0,0,0,0,0,['anger'],train
tat_train_track_a_00461,хайван булан кызлар пычырактагы дунгыз булам анладыгызмы,0,1,0,0,0,0,['disgust'],train
tat_train_track_a_00462,мдаа.. кызлар язырга тиеш.. может сезгэ чэчэк букеты да алып бирергэдер?!,1,0,0,0,0,0,['anger'],train
tat_train_track_a_00463,"үлекләр өчен елау, аларны кәфенләү, кабер казып, уңайлы ләхетләр ясап күмү кебек элекке тук заманның яхшы гадәтләре күптән ташланган иде инде..",0,0,0,0,1,0,['sadness'],train
tat_train_track_a_00465,"кем уйлаган, безнең мәхәббәтнең  шулай бик тиз сүнеп каласын.",0,0,0,0,1,0,['sadness'],train
tat_train_track_a_00466,ялгызлыктан зарын түккәнен мин:(,0,0,0,0,1,0,['sadness'],train
tat_train_track_a_00467,үзем сөртәм яшемне...,0,0,0,0,1,0,['sadness'],train
tat_train_track_a_00468,"жэмагэть : бензин заправкасына керсэгез!!! конистр алып , жюригенэ салып карагыз!!! курерсез сезне ничэ литрга наёбывать иткэннне!! я сам ахуел когда мин акш ртс колцо заправкасында 10 л конистр бн на 10 литр денег дал , мне заправили 7 литоров!!! кассирга курсэтем ул тиз генэ долила мне!!!!!!!",1,0,0,0,0,0,['anger'],train
tat_train_track_a_00469,рәхмәт яхшы сүзләрегез өчен.,0,0,0,1,0,0,['joy'],train
tat_train_track_a_00470,кеше гомерләре бигрәк кыска…,0,0,0,0,1,0,['sadness'],train
tat_train_track_a_00471,тока хайван кеше шулай может эшляргя!,1,0,0,0,0,0,['anger'],train
tat_train_track_a_00472,"бусы миңа өчен кыйнауданда яман һәм җирәнгеч булганга, бик тартыла, ычкынырга телим иде.",0,1,0,0,0,0,['disgust'],train
tat_train_track_a_00473,ачу килә дә инде мондый чакта!,1,0,0,0,0,0,['anger'],train
tat_train_track_a_00474,"ае инде, мина тоже пуфиг, котырып кына утырам;)",1,0,0,0,0,0,['anger'],train
tat_train_track_a_00475,"мескен бала! бер дэ кызык тугел, жэмэгать!",0,0,0,0,1,0,['sadness'],train
tat_train_track_a_00476,алар кеше тугел!!!,0,1,0,0,0,0,['disgust'],train
tat_train_track_a_00477,"мин бэхетле йөрсәм синең белән, сирәк кенә күрсәм үзеңне. мин бэхетле, төштә күрсәм сине,  ишеткәндәй булам сүзеңне...",0,0,0,1,0,0,['joy'],train
tat_train_track_a_00478,ни булды? кем тия?),0,0,0,0,0,1,['surprise'],train
tat_train_track_a_00479,"– аңламадым, кем дисез?",0,0,0,0,0,1,['surprise'],train
tat_train_track_a_00480,балыкчылар су астына китә язган😱,0,0,1,0,0,0,['fear'],train
tat_train_track_a_00482,татарча көләм!),0,0,0,1,0,0,['joy'],train
tat_train_track_a_00483,мин эчмеем аллага шокер)))курселер аталар индэ) :dddния кирек индэ ул ?)ансызда була бит яшэп),0,0,0,1,0,0,['joy'],train
tat_train_track_a_00485,"рәхмәт сезгә, гүзәл ханым! әйе шул, бик талантлы язылган бу шигырь!!! зөлфия ханнанова күпләрнең күңелендә йөрткәнен ничек оста әйтеп биргән! нинди тирән хис-фикерләр ята монда: борчылу, сызлану, ихлас инану, халыкның киләчәген кайгырту, иманга өндәү...",0,0,0,1,0,0,['joy'],train
tat_train_track_a_00486,синен башын житлегеп бетмэгэнме эллэ? курсэт узен язган сообщенияларны!),1,0,0,0,0,0,['anger'],train
tat_train_track_a_00487,7337 яратам сине татар палатасы😊,0,0,0,1,0,0,['joy'],train
tat_train_track_a_00488,алла сакласын!урыннары ожмахта булсын! 😔,0,0,1,0,0,0,['fear'],train
tat_train_track_a_00489,ник 5 тэн дэ артык кеше бер ана ташланды?,0,0,0,0,0,1,['surprise'],train
tat_train_track_a_00490,мин яна гына видеосын карадым шул машина эчендэ бер кеше утыра зэп-зэнгэр кошмар,0,0,1,0,0,0,['fear'],train
tat_train_track_a_00491,барда инде тиле егетлар:(,0,1,0,0,0,0,['disgust'],train
tat_train_track_a_00492,кут серткэн бумашка булган дыр ул!)),0,1,0,0,0,0,['disgust'],train
tat_train_track_a_00494,"мин хушлаштым,соңгы тапкыр синең",0,0,0,0,1,0,['sadness'],train
tat_train_track_a_00495,рэхмэт бик зур! 😚 😚,0,0,0,1,0,0,['joy'],train
tat_train_track_a_00496,"болай да татарда юнле җырчы-сәнгат эшмәкәрләре әз. ""блат"" буенча кереп тулган шамакайлар күпчелеге.",0,1,0,0,0,0,['disgust'],train
tat_train_track_a_00497,и-тэ-тэээ))каян белдегез?,0,0,0,0,0,1,['surprise'],train
tat_train_track_a_00498,мине тормаз димэкче буласынмы????,0,0,0,0,0,1,['surprise'],train
tat_train_track_a_00500,оят бит индә ул татарлар үзләренең арасында русча сойләшер ери.. исләрем китә.......,0,1,0,0,0,0,['disgust'],train
tat_train_track_a_00501,һәркөн аяз булсын тормыш күгең,0,0,0,1,0,0,['joy'],train
tat_train_track_a_00502,соңгы кыңгырау көннәре белән дуслар!,0,0,0,1,0,0,['joy'],train
tat_train_track_a_00505,бехетле булыгез...... но авер сезгэ булыр,0,0,0,0,1,0,['sadness'],train
tat_train_track_a_00506,дунгыз.,0,1,0,0,0,0,['disgust'],train
tat_train_track_a_00507,"бу явызлык, усаллык, зыян, начарлык, золым...",0,1,0,0,0,0,['disgust'],train
tat_train_track_a_00508,мин дэ барам.бергэ качырбыз дисенме?))))),0,0,0,0,0,1,['surprise'],train
tat_train_track_a_00509,бу болай гына ))шутка))але,0,0,0,1,0,0,['joy'],train
tat_train_track_a_00510,"4 октябрь, зөлһиҗҗә аеның унынчы көне -  без мөселманнар өчен бик зур бәйрәм, корбан гаете! хөрмәтле мөэмин-мөселманнар, дусларым! барчагызны да ислам динендә булган шушы олы бәйрәм белән тәбриклим! аллаһ тагалә кушканча чалган корбаннарыбыз, биргән сәдакаларыбыз, уздырган коръән ашларыбыз аллаһ раббыбыз тарафыннан кабул булсын! шушы тәшрикъ (бәйрәм) көннәрендә кылган изге гамәлләребез ярдәмендә иманыбыз тагын да ныгысын, йөрәкләребезгә мәрхәмәт, изгелек тулсын иде. исәнлек-саулыкта, якыннарыбыз янәшәсендә, һәрберебезгә киләсе гаетләрне дә күрергә насыйп, бәрәкәтле гомерләр бирсен иде аллаһ! амин. күңел тынычлыгы, тән саулыгы, бәрәкәтле тормышлар телим! бәйрәм белән сезне!",0,0,0,1,0,0,['joy'],train
tat_train_track_a_00511,миңа видео бик бик бик ошады !,0,0,0,1,0,0,['joy'],train
tat_train_track_a_00512,9 таптым 10 табып булмады,0,0,0,0,1,0,['sadness'],train
tat_train_track_a_00513,кешенен фотосурэтенэ бэйлэнеп утырасыз ябыныйлар!!!,1,0,0,0,0,0,['anger'],train
tat_train_track_a_00514,"матур кызлар,(без комплексов,ямьсез кызлар не бывает),аларны сөюче егетләр(суган ашаучы кызлар-природное создание,тамагыгыз ачкан саен үбегез,тәмле алар ☺ 😉 😚 😃 )татлы төшләр сезгә дип теләмәкче идем,әллә кайларга философияга кердем 😂 хәерле иртә инде,админ бары таңсыз куймас,кем икәнемне танырсыз дигән теләктә калып,сезгә миннән зур сәлам 😊 ✌ 🆗",0,0,0,1,0,0,['joy'],train
tat_train_track_a_00515,бу нурсиль шигыре тугелме сон??????,0,0,0,0,0,1,['surprise'],train
tat_train_track_a_00516,"эни,энекэем дип елыйсын...",0,0,0,0,1,0,['sadness'],train
tat_train_track_a_00517,кайсы якка карасанда сугыш бара,0,0,0,0,1,0,['sadness'],train
tat_train_track_a_00518,"бик ямьсез күрсәтә, татар әбисе түгельдер бу.",0,1,0,0,0,0,['disgust'],train
tat_train_track_a_00519,17-20 яшьлек егетлэр белэн танышасым килэ!),0,0,0,1,0,0,['joy'],train
tat_train_track_a_00521,эшлисе килмииии,0,0,0,0,1,0,['sadness'],train
tat_train_track_a_00522,"азнакай якларынада килеп житте теге кар!!!!кичэ янгыр койды,э буген кар ишэ!!!",0,0,0,0,0,1,['surprise'],train
tat_train_track_a_00524,кара шакмак мы???,0,0,0,0,0,1,['surprise'],train
tat_train_track_a_00525,ник сез андый характердагы язмаларны куясыз?,0,0,0,0,0,1,['surprise'],train
tat_train_track_a_00527,гафу ит-кем гаепле булгандыр.,0,0,0,0,1,0,['sadness'],train
tat_train_track_a_00528,"узен генэ тугел,подругасын да чакырган бит, кунеллерэк булсынга...настоящая подурага!!!)))",1,0,0,0,0,0,['anger'],train
tat_train_track_a_00529,таба алар бер - берләрен өмет өзгәч.,0,0,0,0,1,0,['sadness'],train
tat_train_track_a_00530,минем дэ бит уйныйсым килэ.,0,0,0,0,1,0,['sadness'],train
tat_train_track_a_00531,яна йөрәккәем  ялкынланып,0,0,0,0,1,0,['sadness'],train
tat_train_track_a_00532,тагын бер хәл булды. бүген иртән сәгать дүрттә. мансур бабай үлгән.,0,0,0,0,1,0,['sadness'],train
tat_train_track_a_00533,"мин куркам гел сине җуюдан, мин сине бик озак эзләдем.",0,0,1,0,0,0,['fear'],train
tat_train_track_a_00534,икенче тапкыр бер үк елгага керәсе тугел икән😔,0,0,0,0,1,0,['sadness'],train
tat_train_track_a_00535,кешегә ышану бик авыр...,0,0,0,0,1,0,['sadness'],train
tat_train_track_a_00536,нигэ качканнар?)),0,0,0,0,0,1,['surprise'],train
tat_train_track_a_00537,узган гомер зая утмәде.,0,0,0,0,1,0,['sadness'],train
tat_train_track_a_00538,"сугенсэлэр сон,сина тимидер бит?! энилэрне кыстырма син!!!",1,0,0,0,0,0,['anger'],train
tat_train_track_a_00539,фуу.сүгенүчеләрне яратмыйм.,0,1,0,0,0,0,['disgust'],train
tat_train_track_a_00540,халык кайда микэн буген?????????????,0,0,0,0,0,1,['surprise'],train
tat_train_track_a_00541,ә татар поэзиясе дип аталган төркемдә русча сорау бирүнең мантыйгы нидә? ),0,0,0,0,0,1,['surprise'],train
tat_train_track_a_00542,ә мәңгелек...ниләр була дисең?,0,0,0,0,0,1,['surprise'],train
tat_train_track_a_00544,"кемдер ыргаткан да,ята әнә -",0,1,0,0,0,0,['disgust'],train
tat_train_track_a_00546,кая синең матур татар хәрефләрең киттеләр?,0,0,0,0,0,1,['surprise'],train
tat_train_track_a_00547,"мукшы түрәләре алкашларга,наркоманнарга түгел,ә әдәпле татар мөселман кызларына каршы һөҗүм ачтылар.алар мәскәү шовинистларына ярарга тырышып,үзләренә яңа премияләр өмет итеп башкаралар бу кара эшне.без мондый явызлыкларны онытырга тиеш түгел!",1,0,0,0,0,0,['anger'],train
tat_train_track_a_00548,калсын сагынып силәргә.,0,0,0,0,1,0,['sadness'],train
tat_train_track_a_00551,"миңа әйтергә насыйп булмады, чөнки мин туганчы вафат булганнар",0,0,0,0,1,0,['sadness'],train
tat_train_track_a_00552,жиргэ тошегез!куренер!,1,0,0,0,0,0,['anger'],train
tat_train_track_a_00553,бу кызга ничэ яшь икэн? 😨,0,0,0,0,0,1,['surprise'],train
tat_train_track_a_00554,бик матур шигырь! исэнмесез дусларым!,0,0,0,1,0,0,['joy'],train
tat_train_track_a_00555,барасы килмиии 😢 😢,0,0,0,0,1,0,['sadness'],train
tat_train_track_a_00556,"бүген (25 гыйнвар) - студентлар көне. бәйрәм белән, студентлар!)",0,0,0,1,0,0,['joy'],train
tat_train_track_a_00557,"ооо,мин дэ бу концертны уйнадым,гос программа иде.....искиткеч концерт,тылсымлы тосмерлэр...",0,0,0,1,0,0,['joy'],train
tat_train_track_a_00558,"жырчыларны санап та тормыйм, ботенесе дэ костыргыч, утырып еларлык, чэч йолкып, бетэбез дип каравыл кычкыра торган тугел бит инде.",0,1,0,0,0,0,['disgust'],train
tat_train_track_a_00559,бу ананын йорэге юктыр ходай жэзасын биргэн эле  икенчесендэ интернатка тапшырырга йори икэе акыл булмаган,0,1,0,0,0,0,['disgust'],train
tat_train_track_a_00560,"утенеп сорыйм,булышыгыз эле.. мин talkback дигэн функцияне ялгыш кабыздым телефонда.берничек тэ шуны настройкаларга кереп сундерэ алмыйм..",0,0,0,0,1,0,['sadness'],train
tat_train_track_a_00561,бу фильмны күз яшьләрсез карап булмый....,0,0,0,0,1,0,['sadness'],train
tat_train_track_a_00562,ничек улчэргэсон аны?,0,0,0,0,0,1,['surprise'],train
tat_train_track_a_00563,"без настолько инде якыннар булдык бер беребезгэ,что уже и скучаем",0,0,0,0,1,0,['sadness'],train
tat_train_track_a_00564,салма мине сагыш утына.,0,0,0,0,1,0,['sadness'],train
tat_train_track_a_00565,егет булмагачмы????,0,0,0,0,0,1,['surprise'],train
tat_train_track_a_00566,гаепледер тоям үземне .,0,0,0,0,1,0,['sadness'],train
tat_train_track_a_00567,"ул туктаусыз агып торган күз яшьләренә игътибар да итми, сөйли дә сөйли..",0,0,0,0,1,0,['sadness'],train
tat_train_track_a_00568,кешеләрне кыйныйсы килә торган кәеф миндә көн буе,1,0,0,0,0,0,['anger'],train
tat_train_track_a_00569,татлы төшләр матурымка,0,0,0,1,0,0,['joy'],train
tat_train_track_a_00570,купме яшьлэр инде тугелгэн,0,0,0,0,1,0,['sadness'],train
tat_train_track_a_00571,эшлэ давай гомбэ,1,0,0,0,0,0,['anger'],train
tat_train_track_a_00572,"ботен егет кызларга зарлана что без аларга изменяем,егетлэр сез узегез жунне булсагыз без не изменяли бы!!!",1,0,0,0,0,0,['anger'],train
tat_train_track_a_00573,яшэп булмый бит болай!,1,0,0,0,0,0,['anger'],train
tat_train_track_a_00574,"минем эчтэ, улый буран..",0,0,0,0,1,0,['sadness'],train
tat_train_track_a_00577,"жалко что 25 ,26 яшьлэр юк ((.ярар чаллыда узе килеп чыгыр эле",0,0,0,0,1,0,['sadness'],train
tat_train_track_a_00578,хурсандбек дустыбызнын туган коне!,0,0,0,1,0,0,['joy'],train
tat_train_track_a_00579,"хәзерге татарлар сыра(пиво) ,аракы эчәләр, тәмәке тарталар.татар кызлары сегешеп йөриләр.инде хәттә татарча да сөйләшмиләр инде( яшьлек бит ул бер генә дигәндәй.барсын да кабып карарга кирәк.ә кайберәүләр картлыкка хәтле шундый булалар җүнсезләр.",0,1,0,0,0,0,['disgust'],train
tat_train_track_a_00580,"ор яна жырга искиткеч клип булачак, котэбез! 👏",0,0,0,1,0,0,['joy'],train
tat_train_track_a_00581,"тиздэн житэм,куп калмады дип!",0,0,0,1,0,0,['joy'],train
tat_train_track_a_00582,"гәр каршыдагы черек караватка, иске урында сәләмә юрган ябынып түшәмгә карап яткан, сулган чырайлы, кипкән иренле, сүнәргә якынлашкан хатынга карасаң, шул ук нәгъмәләр «дөньяда вәфа юк...» дигән төсле иттереп елый идек...",0,0,0,0,1,0,['sadness'],train
tat_train_track_a_00583,"мин берәү гына аңламыйм мы ничек татар җирләрендә ""изге русь"" килеп чыкты?)",0,0,0,0,0,1,['surprise'],train
tat_train_track_a_00584,"кукмарада тагын курешербез эле, алла бирса!",0,0,0,1,0,0,['joy'],train
tat_train_track_a_00585,"пэрэч шулай мени,алайса нэмэгэ элеп куйдыгыз сон?",0,0,0,0,0,1,['surprise'],train
tat_train_track_a_00586,безнең бит икебезгә барлыгы сиксән тиенләп кенә акчабыз калган...,0,0,0,0,1,0,['sadness'],train
tat_train_track_a_00588,"улым, сина бит эле 18 тулмаган по моему?!😃",0,0,0,0,0,1,['surprise'],train
tat_train_track_a_00589,"сине уйлап, өзелә бит йөрәк",0,0,0,0,1,0,['sadness'],train
tat_train_track_a_00590,ник сөйлисең һаман киресен?,0,0,0,0,0,1,['surprise'],train
tat_train_track_a_00592,"хэзерге вакытта камера гына тугел, чуп савытын да урлыйлар бит!",1,0,0,0,0,0,['anger'],train
tat_train_track_a_00593,башны катыралар инде=( шуна да тугызынчы класска барасы да килми иде..=(,0,0,0,0,1,0,['sadness'],train
tat_train_track_a_00594,без «мәрфугать» мәйданына җиткәнче йөдәп беттек,0,0,0,0,1,0,['sadness'],train
tat_train_track_a_00595,"котудэге угез кебек акыра, жырчы тугел. тавышы да, узенен чырае да костыргыч... фу. косасы килэ. укшыта",0,1,0,0,0,0,['disgust'],train
tat_train_track_a_00596,синен язган сузлэреннэн чыгып анларга була синен нинди икэнне!эллэ нинди ямьсез кызларны озаталар дисен синен нэрсэн шунын хэтле искиткеч сон?,0,1,0,0,0,0,['disgust'],train
tat_train_track_a_00597,"***  бик авыр, бик авыр аерылу, көнгәме,  айгамы,  елгамы -  барыбер.",0,0,0,0,1,0,['sadness'],train
tat_train_track_a_00598,"эй менэ урамнан кайттым да,кунелсезлэнеп утырам(",0,0,0,0,1,0,['sadness'],train
tat_train_track_a_00600,"яна ел белэн,дусларым!!!!!",0,0,0,1,0,0,['joy'],train
tat_train_track_a_00601,шул хэл булганнан сон бер ике сэгать калтыранып утырганмын,0,0,1,0,0,0,['fear'],train
tat_train_track_a_00602,"жаныкааай, жэй коне авырып ятма индеанлыйм сине, беркон узем дэ шулайрак йоргэн идем, бер дэ рэхэт тугел",0,0,0,0,1,0,['sadness'],train
tat_train_track_a_00603,"әйбәт бит инде,бәрәңге юклыкны сәбәп итеп, кыш буе кызларга кунакка йөреп була!",0,0,0,1,0,0,['joy'],train
tat_train_track_a_00605,"кадерле чибәр кызларыбыз сезне 8 март бәйрәме белән чын күңелдән котлыйм! сәламәтлек,бәхет, шатлык уңышлар сезгә!!! һәр вакытта да шундый матур, сөйкемле булып калыгыз һәм яныгызда акыллы егет булсын, аның белән үткәргән көнегез бәйрәм кебек үтсен!)",0,0,0,1,0,0,['joy'],train
tat_train_track_a_00606,"мин дә сагындым бит, дигән сыман",0,0,0,0,1,0,['sadness'],train
tat_train_track_a_00607,кызганычка анти лайк кнопкасы юк! бу сузлэргэ анти лайк!,1,0,0,0,0,0,['anger'],train
tat_train_track_a_00608,хахаха бик дорес эйтелгэн бу=)))))))),0,0,0,1,0,0,['joy'],train
tat_train_track_a_00609,оныклар да шат елмаеп,0,0,0,1,0,0,['joy'],train
tat_train_track_a_00610,тик яшәдем мин бу жирдэ рәхәтләнеп!,0,0,0,1,0,0,['joy'],train
tat_train_track_a_00613,"оялырга кирәк җәмәгать,бу кыз  урамда намаз укый,ә без хәтта мәчеткәдә бармыйбыз(",0,0,0,0,1,0,['sadness'],train
tat_train_track_a_00614,яраткан ризыкларнын берсе! энием пешергэн гобэдияне сагындым 😢 😢 😢,0,0,0,0,1,0,['sadness'],train
tat_train_track_a_00615,"""ялкын"" 90 еллыгын яшьләрчә билгеләде",0,0,0,1,0,0,['joy'],train
tat_train_track_a_00616,эй еблоид айда ал трубканны егет булсан. мин бит син кутакбаш очен чаллыдан килеп ятам пизды бирергэ сина,1,0,0,0,0,0,['anger'],train
tat_train_track_a_00617,бүләсем дә килми юлыңны...,0,0,0,0,1,0,['sadness'],train
tat_train_track_a_00619,да вообще эйбэт ява ! сабантуй вакытында блин...,0,0,0,0,1,0,['sadness'],train
tat_train_track_a_00620,шул тавышка чыдый алмый,0,1,0,0,0,0,['disgust'],train
tat_train_track_a_00622,"әгәр син булмасаң янымда  челтәр шәл бөркенә алмагач елларның ягымлы язында. бер ямен күрмим мин бакчаның, әгәр син булмасаң янымда.  әй рәхәт күңелгә, әй рәхәт хуш исле чәчәкләр шавында. хуш исен сизмим мин гөлләрнең, әгәр син булмасаң янымда.  топ-тонык саф сулы чишмәдән су эчәм сусаган чагымда. бер тәме юк чишмә суының, әгәр син булмасаң янымда.  әхмәт ерикәй сүзләре әгъзам фәттах музыкасы",0,0,0,1,0,0,['joy'],train
tat_train_track_a_00625,улым! балакаем!.. тагын ташлап киттеңмени мине...,0,0,0,0,1,0,['sadness'],train
tat_train_track_a_00626,"иртэн 4 тэ башлыйлар шул картинкаларны жибэрергэ тэнгэ хэтле, бер ук котлау эллэ ничэ тапкыр бэтен татарстан буенча эйлэнеп йэри!",1,0,0,0,0,0,['anger'],train
tat_train_track_a_00627,хм..хм...кызганыч...кешелэрдэн тэмам оят качкан заманада яшибез..:-(башка бер суз эйтеп булмый..:-(ислам дэулэтлэрендэ мондый эшлэр очен утеру жэзасы...:-(бездэ шундый кагыйдэлэр булса зиначы егет кызлар нишлэр иде микэн..,0,1,0,0,0,0,['disgust'],train
tat_train_track_a_00629,мәңгелеккә күзен йомды.,0,0,0,0,1,0,['sadness'],train
tat_train_track_a_00630,кем икэн бу!!,0,0,0,0,0,1,['surprise'],train
tat_train_track_a_00632,"бу әби турында кара але, менә күз яшен чыгар...",0,0,0,0,1,0,['sadness'],train
tat_train_track_a_00633,бик эйбэт анда минем племянник йори бик ошаталар)))),0,0,0,1,0,0,['joy'],train
tat_train_track_a_00634,бук башын белэн монда сексэннэп утырма.,1,0,0,0,0,0,['anger'],train
tat_train_track_a_00637,сезнең белән минем бетте баш бу сүзләрдән соң! ))),1,0,0,0,0,0,['anger'],train
tat_train_track_a_00638,ни булган?,0,0,0,0,0,1,['surprise'],train
tat_train_track_a_00639,татар белән татар талаша!,1,0,0,0,0,0,['anger'],train
tat_train_track_a_00640,"гы кебек мәхшәрле, костыргыч аеырсу, тәмсез исле һава эленеп калды.",0,1,0,0,0,0,['disgust'],train
tat_train_track_a_00642,"хэ ачуны китереп торса, ишетмэгэнен ишетеп чыгып чаба моннан))))",1,0,0,0,0,0,['anger'],train
tat_train_track_a_00643,алла сакласын дин,0,0,1,0,0,0,['fear'],train
tat_train_track_a_00644,эллэ мэхэббэтен шулай мэнге йокыга талган?!,1,0,0,0,0,0,['anger'],train
tat_train_track_a_00645,"гафу ит, лэкин башка яр, мине бэхетле итэр.",0,0,0,0,1,0,['sadness'],train
tat_train_track_a_00646,"синнән артыграк күреп яраткан әлфиядә синдәге сабырлыкның,уңганлыкның чиреге дә булмады бит:(",0,0,0,0,1,0,['sadness'],train
tat_train_track_a_00647,мин дэ андый кешелэрне яратмыйм.ул бит читтэн карасан ямьсез,0,1,0,0,0,0,['disgust'],train
tat_train_track_a_00649,кояшлы коннэр матур да,0,0,0,1,0,0,['joy'],train
tat_train_track_a_00650,"берне шартлатып усырды да йокларга ятты,  фу",0,1,0,0,0,0,['disgust'],train
tat_train_track_a_00651,нишлэп алай дисен?,0,0,0,0,0,1,['surprise'],train
tat_train_track_a_00653,алсу син ник мэктэптэ тугел???????,0,0,0,0,0,1,['surprise'],train
tat_train_track_a_00654,"менэ минем балам зур планнар корган иде,югары уку йортын тэмамлады,ну яшэргэ олгермэде...икенче кышы инде салкын жир куенында...",0,0,0,0,1,0,['sadness'],train
tat_train_track_a_00655,"ниндий якташлар булсын алар,кут…башлар!!!",0,1,0,0,0,0,['disgust'],train
tat_train_track_a_00656,йөрәк язга ашкына...,0,0,0,0,1,0,['sadness'],train
tat_train_track_a_00657,ник бармагыңны аска төшердең?)),0,0,0,0,0,1,['surprise'],train
tat_train_track_a_00658,ничек инде ут юк??????нэрсэ эллэ хэзер телевизорны шэм яктыртып карыйсыз мени?,0,0,0,0,0,1,['surprise'],train
tat_train_track_a_00659,ялгыз башым нишләрмен...,0,0,0,0,1,0,['sadness'],train
tat_train_track_a_00660,"расеме нарсадер анлатадыр инде , язылган юмор нигадер янны ошета. кызганыч....",0,0,0,0,1,0,['sadness'],train
tat_train_track_a_00661,"бик зур рэхмэт , сезгэ исэнлек - саулык телибез !!!",0,0,0,1,0,0,['joy'],train
tat_train_track_a_00662,егетлэр бн танышасы иде:),0,0,0,1,0,0,['joy'],train
tat_train_track_a_00663,"наиль ты чего нас винишь ? ты че алкаш чтоли? ирне - ир иткэндэ хатын , чир иткэндэ хатын. бу сузлэрне онытма.",1,0,0,0,0,0,['anger'],train
tat_train_track_a_00665,аян табасын боларны?🙈,0,0,0,0,0,1,['surprise'],train
tat_train_track_a_00667,тик башкача юл юк...,0,0,0,0,1,0,['sadness'],train
tat_train_track_a_00668,"иии нишлэгэн бу ялкын???? ялкыннан бигрэк сунеп барган учакка ошаган??? эй, ялкынчылар кайларда йорисез сез???",0,0,0,0,0,1,['surprise'],train
tat_train_track_a_00670,«ялкын» кызларын «сабантуй» малайлары бэйрэм белэн котлый! хэм бездэн сезгэ кечкенэ генэ кучти:),0,0,0,1,0,0,['joy'],train
tat_train_track_a_00671,"рәхмәт,лилия.үзеңне дә бу бәйрәм белән котлыйм!!!)))",0,0,0,1,0,0,['joy'],train
tat_train_track_a_00672,"юк инде, без биредә татарча аралашабыз ә ул күкәй русча, бу ни? татар булу исемнән тормый. әгәрдә татар буласын татарча аралаш, юкса кит..",1,0,0,0,0,0,['anger'],train
tat_train_track_a_00673,мин беренче тапкыр тотлыга тотлыга эйттем))мин сине яратам дип)),0,0,0,1,0,0,['joy'],train
tat_train_track_a_00674,"бик бэхетле, озын гомер телим!",0,0,0,1,0,0,['joy'],train
tat_train_track_a_00675,сегте ул бэрэнге(((,0,0,0,0,1,0,['sadness'],train
tat_train_track_a_00676,тик җан ярдан ташлана...,0,0,0,0,1,0,['sadness'],train
tat_train_track_a_00678,бугенме?) ничек булды ул? 😆,0,0,0,0,0,1,['surprise'],train
tat_train_track_a_00679,эчкән хатын – мәсхәрә.,0,1,0,0,0,0,['disgust'],train
tat_train_track_a_00680,"хаха, нигэ алай диясен?😃",0,0,0,1,0,0,['joy'],train
tat_train_track_a_00681,"бу тәрбияне өйрәтмәүче ата-аналар бар.мәсәлән олылар тамашасына кечкенә балаларын ияртеп-җитәкләп баручылар бар.калдырырга кеше юклыктанмы бу,белмим?!тик  ул тамашадагы билдән түбән төшүләр яшь баланың психикасында - холкында-характерында үскәч чагылыш тапмый калмый!!! соңыннан..-нигә минем балам мондый җирәнгеч  юлга барды икән,дип аптырыйлар!",0,1,0,0,0,0,['disgust'],train
tat_train_track_a_00682,"ептвуймайть, авызыма гына карап яшэде! 👿",1,0,0,0,0,0,['anger'],train
tat_train_track_a_00683,"элек бу группада айзиш ка исемле кыз яза иде, кая югалды микэн ул? бик интересно иде анын коментарияларын укырга:d",0,0,0,0,0,1,['surprise'],train
tat_train_track_a_00684,белмэгэн егетлэр белэн кататься итэргэ чыгарга куркыныч ич,0,0,1,0,0,0,['fear'],train
tat_train_track_a_00685,бу сина балаларны ятим иткэн очен!,1,0,0,0,0,0,['anger'],train
tat_train_track_a_00688,кызганычка каршы((,0,0,0,0,1,0,['sadness'],train
tat_train_track_a_00690,житешмибез кайтып житергэ чаллыга(,0,0,0,0,1,0,['sadness'],train
tat_train_track_a_00691,бу сина кирэк идеме монда язып утырырга полицияга барда эит!,1,0,0,0,0,0,['anger'],train
tat_train_track_a_00692,"бер буклы сыер, ботен котуне буклый!",1,0,0,0,0,0,['anger'],train
tat_train_track_a_00693,"казанның муса җәлил исемендәге опера һәм балет театры бинасында зур чара – бөтендөнья татар конгрессының v съезды бара. меңнән артык делегат вә кунаклар татар халкының бүгенге хәле, иртәгәсе турында сөйләшергә, фикер алышырга җыелган. кайлардан кемнәр генә килмәгән!",0,0,0,0,0,1,['surprise'],train
tat_train_track_a_00694,"дүшәмбе аңа да эшкә шул, шуңа күрә өйдә кунарга кирәк. өченче мендәр, юрганнар юк(",0,0,0,0,1,0,['sadness'],train
tat_train_track_a_00695,кемнэн гафу утенергэ тиеш мин.синнэнме чтоли?!,1,0,0,0,0,0,['anger'],train
tat_train_track_a_00696,"больницларда да йоргэнем юк тьфу тьфу,аллага шокер))))анда барырга тоже куркам)))",0,0,1,0,0,0,['fear'],train
tat_train_track_a_00697,"миңа ярамый,балам,мин уразада...",0,0,0,0,1,0,['sadness'],train
tat_train_track_a_00698,газиз  әнкәйләр!  барыгызны да гүзәл бәйрәм белән тәбрик итәм!,0,0,0,1,0,0,['joy'],train
tat_train_track_a_00699,"аяк балтырларыннан башлап муен, яңак тирәләренә кадәр үлекле шешләр сибелгән, урыны-урыны белән ул шешләрдән эрен яки кан саркып тора...",0,1,0,0,0,0,['disgust'],train
tat_train_track_a_00701,бу урыс авылы икән,0,0,0,0,0,1,['surprise'],train
tat_train_track_a_00702,нигэ пойдёт кына сон??? шигырь ятладым кебек) син?,0,0,0,0,0,1,['surprise'],train
tat_train_track_a_00703,сасы искэ килэ алар:),0,1,0,0,0,0,['disgust'],train
tat_train_track_a_00705,синсез авыр үтә көннәр,0,0,0,0,1,0,['sadness'],train
tat_train_track_a_00706,"""голос"" проектында якташыбыз дилэрэ вагапованын татарча жырлавын ничек бэялэдегез? мин анын татарча жырлавын ботенлэй анламадым. мин солдат дигэн сузне генэ анладым, минемчэ татар була торып татарча белмэу оят булырга тиеш иде ана",0,1,0,0,0,0,['disgust'],train
tat_train_track_a_00708,сез үбешкәндә тешләнәсез мәллә? о_о все мин куркам уже!!!!,0,0,1,0,0,0,['fear'],train
tat_train_track_a_00709,– авызыгызны шулкадәр зур итеп ачмагыз!,1,0,0,0,0,0,['anger'],train
tat_train_track_a_00710,эшлэми бит ул!,1,0,0,0,0,0,['anger'],train
tat_train_track_a_00711,ник алай дисен?,0,0,0,0,0,1,['surprise'],train
tat_train_track_a_00712,"белмим  син нык эшэке кеше, я в шоке..",0,0,0,0,0,1,['surprise'],train
tat_train_track_a_00713,"шулай ике кон буе игнорировать итте дэ, аннары""прости, без бергэ була алмыйбыз"" диде. мин ана гашыйк. хэзер нишлэргэ 😭",0,0,0,0,1,0,['sadness'],train
tat_train_track_a_00715,кайтуынны сагынып котэмен....,0,0,0,0,1,0,['sadness'],train
tat_train_track_a_00716,"тизден кабат ж,итэ алла боерса матур ж,эй.ж,илэклэре ,мэтрушкэлэре б.н .",0,0,0,1,0,0,['joy'],train
tat_train_track_a_00717,шашлыкка барырга жыенам👍☺,0,0,0,1,0,0,['joy'],train
tat_train_track_a_00718,аңламадым?,0,0,0,0,0,1,['surprise'],train
tat_train_track_a_00719,"кайтып керәм,  арып уеннан...",0,0,0,0,1,0,['sadness'],train
tat_train_track_a_00720,хэерле кичлэр серле сандыклыларым!!,0,0,0,1,0,0,['joy'],train
tat_train_track_a_00721,мин төшемдә керпене писталет белән көрдәм... вот нәрсәгә ул?😳,0,0,0,0,0,1,['surprise'],train
tat_train_track_a_00722,әдәпсез карчык..,0,1,0,0,0,0,['disgust'],train
tat_train_track_a_00723,"метро вагонында минем янда утыручы бер ямьсез абый сүгенә-сүгенә телефоннан сөйләшә, наушник кидем.",0,1,0,0,0,0,['disgust'],train
tat_train_track_a_00724,"суйгач, аның түшкәсе мәченекенә охшаган. не то что ашарга, карарга җирәнгеч(",0,1,0,0,0,0,['disgust'],train
tat_train_track_a_00725,авылдашың әллә?,0,0,0,0,0,1,['surprise'],train
tat_train_track_a_00726,"чынлап яраткан булса китмэс иде! не чурт монда кызлар сайлап йорергэ! янадан бергэ булырга сораса,ризалашмыйм.",1,0,0,0,0,0,['anger'],train
tat_train_track_a_00727,шулай булган шул. шундый кешеләр дә була икән ул!,0,0,0,0,0,1,['surprise'],train
tat_train_track_a_00728,әллә нинди костыргыч сасы ис бар җидә_дә.,0,1,0,0,0,0,['disgust'],train
tat_train_track_a_00731,"әллә җырладым, әллә еладым... күзләреннәнаккан яшь тамчыларыным иге-чиге булмас кебек иде.",0,0,0,0,1,0,['sadness'],train
tat_train_track_a_00732,урыс күтен ялап утыра,0,1,0,0,0,0,['disgust'],train
tat_train_track_a_00733,"беренче тапкыр ишетэм, солянкада бэрэнге булганын...",0,0,0,0,0,1,['surprise'],train
tat_train_track_a_00734,"абау, хәзер искә төшерсәң дә җирәнгеч.",0,1,0,0,0,0,['disgust'],train
tat_train_track_a_00735,"онытканмын, гафу, бу – матәм.",0,0,0,0,1,0,['sadness'],train
tat_train_track_a_00736,:  хәерле иртә дуслар!  #хәерлеиртә,0,0,0,1,0,0,['joy'],train
tat_train_track_a_00738,"истәлекләрне яңартып, исән калган бидондагы балны тәмләп, васыятьне үтәп, чәй дә эчтек.",0,0,0,1,0,0,['joy'],train
tat_train_track_a_00739,кукэйгэ кызганыч тугел конгэ 3 кыз сегэм рэхэтен куреп яшим))),0,0,0,1,0,0,['joy'],train
tat_train_track_a_00742,"зур рэхмэт,анфиса.эйе,таптым илхам шакировнын жырын хэм  тагын элмир газизуллиннын жырын. хэзер инде современный ансамбль исполнениясен табасы калды) телевидениесыныкы бик тэ ошап китте бит))",0,0,0,1,0,0,['joy'],train
tat_train_track_a_00743,"балык сусыз ничек җәфалана, гашыйк кеше дә намазсыз булса, шулай җәфа чигәр, күңеленә һич тынычлык тапмас",0,0,0,0,1,0,['sadness'],train
tat_train_track_a_00744,"мин бэхетле буген,мин бэхетле…",0,0,0,1,0,0,['joy'],train
tat_train_track_a_00745,"буген ай шундый матур,ана карыйм да бывший егетем б.н ничек ай астында йоргэннэреме искэ тошерэм дэ елыйм:(((",0,0,0,0,1,0,['sadness'],train
tat_train_track_a_00746,"мин хаман да элекеге егетемне оныта алмыйм анын мина язгынын котэм,беренче булып язмыйм чонки минем шундый уй туа что мин ана барыбер",0,0,0,0,1,0,['sadness'],train
tat_train_track_a_00747,кеше канын эчэ торган турэлэр,1,0,0,0,0,0,['anger'],train
tat_train_track_a_00748,тилереп бетэсен монда,1,0,0,0,0,0,['anger'],train
tat_train_track_a_00749,күңелемә бәреп ява .,0,0,0,0,1,0,['sadness'],train
tat_train_track_a_00750,"лагерьның 16 нчы көне балалар өчен бик күңелле үтте. көндәгечә гимназиябез бакчасында эшләгәннән соң, ял сәгате оештырылды. көндезге аштан соң бергәләп янгын сүндерү бүлегенә экскурсиягә юнәлдек. анда безне бик җылы кабул иттеләр. янгын сүндерү бүлеге җитәкчесе закиров и.г. балаларга үзләренең эшчәнлекләре, янгын сүндерү машиналары турында сөйләде.  укучылар бик кызыксынып тыңладылар. малайлар аларның киемнәрен киеп, машинадан су сиптереп карадылар.",0,0,0,1,0,0,['joy'],train
tat_train_track_a_00752,"мин 3 сум гына иде дип акланмадым,дәшмәдем дә,бик авыр иде...",0,0,0,0,1,0,['sadness'],train
tat_train_track_a_00755,эй имгэклэр уйный алмыйлар!,0,1,0,0,0,0,['disgust'],train
tat_train_track_a_00756,"туган көннәре дә, үткән көннәре дә сөенечләр генә китерсен.",0,0,0,1,0,0,['joy'],train
tat_train_track_a_00757,"бер авыру психушкадан туганнарына хат яза:  -мина монда бик рәхәт,тәмле ашаталар,киендерәләр, менә  теге атнаны урамга бассейн куйдылар,көндә транплиннан сикерэбез,доктор  әйтте:әгәрдә үзегегзне әйбәт тотсагых бәлки суында жибәрербез диде :ddd",0,0,0,1,0,0,['joy'],train
tat_train_track_a_00758,купмегэ икэнен каян белим.мин сине тозэттем,1,0,0,0,0,0,['anger'],train
tat_train_track_a_00759,"иии, мескен бала, тон буе шулай йоклаган инде. курмэдем бит))",0,0,0,0,1,0,['sadness'],train
tat_train_track_a_00760,алдыйлар ышанмагыз сузлэргэ!!,1,0,0,0,0,0,['anger'],train
tat_train_track_a_00761,бэлкем туктатканнардыр инде аны!?,0,0,0,0,0,1,['surprise'],train
tat_train_track_a_00762,хаерле ирте))) яллар бик айбат узды!,0,0,0,1,0,0,['joy'],train
tat_train_track_a_00763,ник шундый сез,0,0,0,0,0,1,['surprise'],train
tat_train_track_a_00765,бездэ сразу куаларда сыгаралар пардан ултырып булмай алай тип(((,0,0,0,0,1,0,['sadness'],train
tat_train_track_a_00767,"чулпан, обед вакытында ясалган нэрсэ кузен чыгыр дип куркам",0,0,1,0,0,0,['fear'],train
tat_train_track_a_00769,"башка жирдэ хатага игътибар итсэн дэ, монда кирэкми!",1,0,0,0,0,0,['anger'],train
tat_train_track_a_00770,"кызлардан)) кояшлы жиргэ куй)гэлуш киеп чык дияр идем,юк диден инде:d",0,0,0,1,0,0,['joy'],train
tat_train_track_a_00771,ник кешегэ кысыласыз сон? нишлисе килэ эшли инде. хэркемнен уз язмышы. кешене чэйнэгэнче ул уткэн юлны утеп карарга кирэк башта. (мин 15-16да бала тапмадым конечно),1,0,0,0,0,0,['anger'],train
tat_train_track_a_00772,"вот ничек баеыйлар кабэхэтлэр, былайда кыйбат и алдыйлар!",1,0,0,0,0,0,['anger'],train
tat_train_track_a_00773,"сәләм,эйбәт кенә алай))) узегез ничек?)))",0,0,0,1,0,0,['joy'],train
tat_train_track_a_00774,ник мин белмим туган телемне?,0,0,0,0,0,1,['surprise'],train
tat_train_track_a_00776,"китә шул  инде, ялынсак та кире кайтмый....",0,0,0,0,1,0,['sadness'],train
tat_train_track_a_00777,"балачагым, китмә мине ташлап !",0,0,1,0,0,0,['fear'],train
tat_train_track_a_00778,язма мина бутэн!,1,0,0,0,0,0,['anger'],train
tat_train_track_a_00779,мэйтэм миндэ сине улеп яратам дим😂,0,0,0,1,0,0,['joy'],train
tat_train_track_a_00780,"эх, күлмәгең бик килешә",0,0,0,1,0,0,['joy'],train
tat_train_track_a_00782,"ильнур,ошамый икэн укыма!!клубны ачканда булмасан,авызынны жом пож!",1,0,0,0,0,0,['anger'],train
tat_train_track_a_00783,"бик табасы килэ дэ, барып кына чыкмый шул.",0,0,0,0,1,0,['sadness'],train
tat_train_track_a_00784,акырган хатын кырдан бигерэк ямсез,0,1,0,0,0,0,['disgust'],train
tat_train_track_a_00785,"хэерле иртэ,татар палатасы! бугенге конегез яхшы,сез телэгэнчэ унышлы утсен!-) амин",0,0,0,1,0,0,['joy'],train
tat_train_track_a_00786,сходненскаяда яшәгәндә бик яхшы иде шартлар!,0,0,0,1,0,0,['joy'],train
tat_train_track_a_00787,"син эйбэтлэп кара инде, кайда все такие дип язылган!! мин ич яздым, ботенесе дэ тугел дип!!!",1,0,0,0,0,0,['anger'],train
tat_train_track_a_00788,завиля кайгынны уртаклашам.анлыйм кунеленне . 2012 елда мин дэ авыр кайгы кичердем -улым улде . эни улгэнгэ 26 ел .,0,0,0,0,1,0,['sadness'],train
tat_train_track_a_00789,"җыр ул җанны савыктыра, әгәр",0,0,0,1,0,0,['joy'],train
tat_train_track_a_00790,"мескен эби, ботен жиргэ куеп бетерделэр инде",0,0,0,0,1,0,['sadness'],train
tat_train_track_a_00791,"кичә генә әле якын идек, ә бүген...",0,0,0,0,1,0,['sadness'],train
tat_train_track_a_00794,"мин дә үземнең шигырьләремне кешеләрдә башка автор исеме астында күреп,җаным әрни.",0,0,0,0,1,0,['sadness'],train
tat_train_track_a_00795,"булыр идем.э буген мин,ялгыз,кызганыч.бэхетсез булып олы.лэкин мэгънэсез хэм салкын доньяда берузем",0,0,0,0,1,0,['sadness'],train
tat_train_track_a_00797,"беренче мәртәбә сәхнәдә дә, камера алдында да бераз куркыныч, ләкин җырлый яисә сөйли башласаң барлык куркуларың юкка чыга.",0,0,1,0,0,0,['fear'],train
tat_train_track_a_00798,син бэлки мин чуваш тер тик син мосолмэн булсан буренче булып ул анварны тапап бэрир иден!,1,0,0,0,0,0,['anger'],train
tat_train_track_a_00799,ник алай гына???,0,0,0,0,0,1,['surprise'],train
tat_train_track_a_00800,заебаллар кылды ул в натуре 😠,1,0,0,0,0,0,['anger'],train
tat_train_track_a_00801,"так что, зинхар, онлары безнен белэн чагыштырма! аллам сакласын!",0,0,1,0,0,0,['fear'],train
tat_train_track_a_00803,"- ничек? – дип, мин сагая калдым.",0,0,1,0,0,0,['fear'],train
tat_train_track_a_00805,"бәхетле бул ирек ,- диеп тибә безнең йөрәкләр.",0,0,0,1,0,0,['joy'],train
tat_train_track_a_00806,"бэгрем,туган йортка,тормыш газабында,йорэген,шатлык,кайгы,бик ерак,кунлем.",0,0,0,0,1,0,['sadness'],train
tat_train_track_a_00807,"блэчч, ккул сызлый, сызлавыклар чыккан😒",0,0,0,0,1,0,['sadness'],train
tat_train_track_a_00808,"бер-ике елдан, инде авыл тормышына ияләшеп, мәче туйлары уздырып, рәхәт чиккәч, якты дөнья белән дә хушлаштың. бирегә син кайтканчы, авылда ак песиләрне очратканым юк иде. ә хәзер андыйлар еш күренә, очраткан саен үземнең ак песиемне искә алам. күңелемдә – ак барс кебек йомшак, ирекле тормышка ирешкән, азатлык образы син, кузя!",0,0,0,1,0,0,['joy'],train
tat_train_track_a_00809,"чү, кәрам абый янында төптән юан чыккан, комачтай кызыл битле сәмигулла утыра түгелме?!",0,0,0,0,0,1,['surprise'],train
tat_train_track_a_00810,бик матур сузлэр энилэр турында.... рано или поздо син эниенне анлыйячаксын узен эни булгач....ойгэ кайтып эни диеп дэшер кешен булмаганда бу сузлэрен очен укенерсен эле лэкин ни кызганыч сон булачак.... энилэрне рэнжетми э яратыйк ихтирам итик...,0,0,0,0,1,0,['sadness'],train
tat_train_track_a_00811,мин бауманнан йорергэ куркам уже,0,0,1,0,0,0,['fear'],train
tat_train_track_a_00812,"илюза, эйтмэдэ инде. бер якта эни елап утыра, икече якта мин. бутэннэр колэ китаптан елап утырмасагыз дип. елата бит 😞",0,0,0,0,1,0,['sadness'],train
tat_train_track_a_00813,мине тикшерэсе юк! менэ син мина эйтеп бир? чын татарлар кем ул???,1,0,0,0,0,0,['anger'],train
tat_train_track_a_00814,"афәрин, кызлар-  егетләр, булдырдыгыз))))) ми сырларын  бераз эшләтеп алу зыян  итми, шулай бит? яңадан очрашуларга кадәр!!!уңышлар сезгә!!!",0,0,0,1,0,0,['joy'],train
tat_train_track_a_00815,"үтсен , әйдә , шатлык белән",0,0,0,1,0,0,['joy'],train
tat_train_track_a_00816,"марьям!   бик   тэмле  куренэ  ,пешереп  карарга  кирэк  булыр   эле  .",0,0,0,1,0,0,['joy'],train
tat_train_track_a_00817,ничэлэрдэ булды сон ул?,0,0,0,0,0,1,['surprise'],train
tat_train_track_a_00818,"4. сосискалар, сарделькалар, колбасалар, паштетлар. аларның 40%ын сало, эч мае, дуңгыз тиресе тәшкил итә, иткә ошасын өчен аларга тәм-ләткечләр кушыла.",0,1,0,0,0,0,['disgust'],train
tat_train_track_a_00819,ходай сабырлык бирсен !!!улгэннэрне кире кайтарып булмый...,0,0,0,0,1,0,['sadness'],train
tat_train_track_a_00820,кутак чәйнәмә әле ә,0,1,0,0,0,0,['disgust'],train
tat_train_track_a_00821,мине шулкадәр ахмак дип уйламагыз инде!,1,0,0,0,0,0,['anger'],train
tat_train_track_a_00822,ише сасы козгыннарны үләксә исен сизеп җыела,0,1,0,0,0,0,['disgust'],train
tat_train_track_a_00823,"түзә алмадым, идәнгә сыгылып төштем, бөтен йөрәк әрнешен, күңел моңын, җан сагышын кушып, сулкылдап елап җибәрдем...",0,0,0,0,1,0,['sadness'],train
tat_train_track_a_00824,"салават кукай суырсын,а ак барс жинсен!!!",0,1,0,0,0,0,['disgust'],train
tat_train_track_a_00825,"сугып жыгар идем,чэчэген йозенэ атып:)",1,0,0,0,0,0,['anger'],train
tat_train_track_a_00826,ну нинди телдэ еще языйм икэн ул???,0,0,0,0,0,1,['surprise'],train
tat_train_track_a_00827,"зәкят алганнар арасында шундый сүзләр сөйләнә. һәркайсы кемне булса да мактап я сүгеп китәргә, икенче җирдә зәкят өләшкән җиргә барырга ашыга.",0,1,0,0,0,0,['disgust'],train
tat_train_track_a_00828,сизәм ич..,0,0,0,0,1,0,['sadness'],train
tat_train_track_a_00830,"нет,не дура!!!жунле тел белэн анлый белмэгэч нишлим инде",1,0,0,0,0,0,['anger'],train
tat_train_track_a_00833,нишләптер бүген теге оятсызлары кермиләр әле,0,1,0,0,0,0,['disgust'],train
tat_train_track_a_00834,"бер кызны ошатам нык итеп, башта вкда языштык 1-2 елга якын, очраштык, очрашкач болай нормально сойлэште э сонныннан , тф номерын алмаштырган, вкда игнорит, минем дус егетне дэ шулай ""отшивать"" иткэн булган, хэзер мина нишлэргэ?...",0,0,0,0,1,0,['sadness'],train
tat_train_track_a_00835,кешене чэйнэп утырганчы уз-узендэ шул черталарын эйбэтме икэнен кара ебнврт,0,1,0,0,0,0,['disgust'],train
tat_train_track_a_00836,"куркып киттем, язылдым",0,0,1,0,0,0,['fear'],train
tat_train_track_a_00837,"вә берәү тузан бөртеге хәтле гөнаһ эшләсә, аның җәзасын күрер!",1,0,0,0,0,0,['anger'],train
tat_train_track_a_00838,шул бушлыктан куркып,0,0,1,0,0,0,['fear'],train
tat_train_track_a_00839,15-16 яшьлек кызларнын акчалары ташып тора дип белэсенме сон??? губу раскатала..,0,0,0,0,0,1,['surprise'],train
tat_train_track_a_00840,кайгыгызны уртаклашам :) уку башлана:( 😭 😭 😢 😢,0,0,0,0,1,0,['sadness'],train
tat_train_track_a_00841,чё за дура ник шул хэтле узенне бетерэсен эле яшисен алда узен кияугэ чыгып ирен б.н интересоватся итсэлэр нишлэрсен донья тугэрэк узенэ гонах жыйма  бары кеше парын алып бэхетле булмыйсын подумай мололетка!!!!!!!!!!!!!!!,1,0,0,0,0,0,['anger'],train
tat_train_track_a_00842,бу тагы нәрсә инде?,0,0,0,0,0,1,['surprise'],train
tat_train_track_a_00843,"минем якында беркемдэ анламый туган теле.манкуртлар,тьфу...",0,1,0,0,0,0,['disgust'],train
tat_train_track_a_00844,"ландыш, юк шул..мин авырдым...барырга исэп бар ие",0,0,0,0,1,0,['sadness'],train
tat_train_track_a_00846,авыруың алып китте сине,0,0,0,0,1,0,['sadness'],train
tat_train_track_a_00847,быел ирем дэ вафат,0,0,0,0,1,0,['sadness'],train
tat_train_track_a_00849,татарча сөйләң ..йюрисез җан үртәп,1,0,0,0,0,0,['anger'],train
tat_train_track_a_00852,дусларым сагындырдыгыз бит!!!кайларга югалдыгыз??,0,0,0,0,0,1,['surprise'],train
tat_train_track_a_00853,"безнең бурыч, зур әҗәтләр...",0,0,0,0,1,0,['sadness'],train
tat_train_track_a_00855,э кем эйтте китеп чыкмады дип? 😄 даже ялагайланып булэклэр жибэрделэр... 😜 😄,0,0,0,0,0,1,['surprise'],train
tat_train_track_a_00856,"кәүсәрия, бик зур рәхмәт, дустым! нинди матур шигри юллар!!!)",0,0,0,1,0,0,['joy'],train
tat_train_track_a_00857,мин барыгызны да яратам😚,0,0,0,1,0,0,['joy'],train
tat_train_track_a_00858,"аэлита нэрсэ була ул ""сынны""??? эчне катырасыз дигэне анлашыла, э мондыйны беренче ишетэм...)",0,0,0,0,0,1,['surprise'],train
tat_train_track_a_00859,"гөл дә, наз да үзеңдә.",0,0,0,1,0,0,['joy'],train
tat_train_track_a_00860,бик дөрес! кайда гына тормадым- казаннан да яхшы шәһәр юк минем өчен!,0,0,0,1,0,0,['joy'],train
tat_train_track_a_00861,бэхетле бала булып уссен)),0,0,0,1,0,0,['joy'],train
tat_train_track_a_00863,"уфа ни өчен матур?  уфа каласы ни өчен матур? беләм, дускаем, беләм серләрен: мин синең белән йөрим урамда, миңа елмая синең күзләрең.  карасаң миңа, елмайсаң миңа, син дә бик матур, уфа да матур, бик матур дөнья!  таудан тауларга кояш күченә, сиңа да миңа балкый шикелле. салават батыр корыч атында, сине дә мине саклый шикелле.  нинди шәһәрләр җирдә күрмәдем, булмады минем кайда йөргәнем. уфа дисәләр сине сагынам, уфа дисәләр яна йөрәгем.  нәби дәүли сүзләре, сара садыйкова музыкасы",0,0,0,1,0,0,['joy'],train
tat_train_track_a_00865,хэерле иртэ дусларым! колке коне белэн! елмаеп - колеп алыйк,0,0,0,1,0,0,['joy'],train
tat_train_track_a_00866,"жырламасын ул татарча, жырны гына боза.",0,1,0,0,0,0,['disgust'],train
tat_train_track_a_00868,"татар йөрәге скрипка тугел, уйнамагыз!!!",1,0,0,0,0,0,['anger'],train
tat_train_track_a_00869,әрнеп-әрнеп йорәк сызлады.,0,0,0,0,1,0,['sadness'],train
tat_train_track_a_00870,мина да 230 тула бугай.яшьти бер бер елгылар тугелме сон?,0,0,0,0,0,1,['surprise'],train
tat_train_track_a_00871,әлдә ярый бу хәбәрне язган арада торып чыгып китте),0,0,0,1,0,0,['joy'],train
tat_train_track_a_00872,уйлап әйт син  әйткән сүзләрне!,1,0,0,0,0,0,['anger'],train
tat_train_track_a_00874,минем внешность юк,0,0,0,0,1,0,['sadness'],train
tat_train_track_a_00875,күзләремне ачтым. кайда соң мин?,0,0,0,0,0,1,['surprise'],train
tat_train_track_a_00876,"алар сирэк  елый,егетлэрнен куз яше тошэ курмэсен-гомергэ дэ бэхетле булмассын диде...",0,0,0,0,1,0,['sadness'],train
tat_train_track_a_00877,хормэтле комментаторлар! сез яшусмер белэн эш итуегезне анладыгызмы? узегез ул яшьтэ нинди генэ юлэрлеклэр эшлэмэде?,1,0,0,0,0,0,['anger'],train
tat_train_track_a_00878,ник йокламый халык?,0,0,0,0,0,1,['surprise'],train
tat_train_track_a_00879,бармы???кайдан эзлэргэ???,0,0,0,0,0,1,['surprise'],train
tat_train_track_a_00881,"алла түгел, ә аллаһ! надан җиены",0,1,0,0,0,0,['disgust'],train
tat_train_track_a_00882,-ничек? - дип сораганымны сизми дә калдым.,0,0,0,0,0,1,['surprise'],train
tat_train_track_a_00883,"абау, бигрәк әдәпсез татарлар утыра монда, сүгенәләр..",0,1,0,0,0,0,['disgust'],train
tat_train_track_a_00884,барсыда куркамын бугай...,0,0,1,0,0,0,['fear'],train
tat_train_track_a_00885,нинди бу көрт уртада ятып тора?))),0,0,0,0,0,1,['surprise'],train
tat_train_track_a_00886,"""кышкы матурлык"" конкурсында җиңүче кызыбызны котлыйбыз! ул - алсу салахиева! чын күңелдән сине җиңүең белән тәбриклибез! гел шундый актив һәм калган төркемдәшләргә урнәк булып кал! якынлашып килүче яңа ел белән үзеңне!  дуслар әйдәгез алсуның стенасын матур җырлар белән бизик! башладык!!!",0,0,0,1,0,0,['joy'],train
tat_train_track_a_00887,"чын татарларның, иң алдынгы милли җанлы татар яшьләренең ике шәп төркеме! кер, языл, татарларның иң алдыныа яшьләре арасына синдә кушыл дустым! vkontakte.ru/fikerclub vkontakte.ru/tatar_azatliq",0,0,0,1,0,0,['joy'],train
tat_train_track_a_00888,"эйтегез эле,яраткан кешенэ бер жомлэ,нибары бер жомлэ:'мин кайттым,арыдым,йоклыйм,тыныч йокылар,-дип язу авырмы ул? авырмы,я?",1,0,0,0,0,0,['anger'],train
tat_train_track_a_00889,"ой-ой-ой как запели,кайсыгызсон инде монда минем жингэчэй??=)))",0,0,0,0,0,1,['surprise'],train
tat_train_track_a_00891,"алар ел буе мәгарәдә ятып, кеше кыяфәтләрен югалтканнар, чәчләре һәм тырнаклары җитеп, коточкыч бер төскә кергәннәр иде.",0,1,0,0,0,0,['disgust'],train
tat_train_track_a_00892,а син тартасынмы чтоли?!,0,0,0,0,0,1,['surprise'],train
tat_train_track_a_00893,хэерле иртэ барыгызгада🌹🌺🌹🌸🌷🌸яллар бик кунелле утте✌️😉,0,0,0,1,0,0,['joy'],train
tat_train_track_a_00894,хэерле иртә кызлар!егетләрне дә онытмагыз.һәммәбезнең дә иртәләре хәерле һәм кояшлы булсын!,0,0,0,1,0,0,['joy'],train
tat_train_track_a_00895,шул вакыттан бирле бер беребезне курми йоргэн булабыз...,0,0,0,0,1,0,['sadness'],train
tat_train_track_a_00896,"ан,намыйм мин узенен туган авылынын исемен урысча язган кешелэрне!",0,1,0,0,0,0,['disgust'],train
tat_train_track_a_00897,кешелэр симермэгез эле пожалуйста! и так земля полна толстыми.,1,0,0,0,0,0,['anger'],train
tat_train_track_a_00898,ай кызыдай һаман ялгызмын...,0,0,0,0,1,0,['sadness'],train
tat_train_track_a_00900,кайда саталар икәәән????..=)),0,0,0,0,0,1,['surprise'],train
tat_train_track_a_00901,яшь чагында көл дә уйна,0,0,0,1,0,0,['joy'],train
tat_train_track_a_00902,карагыз эле! нишлэп ул анда утыра???))),0,0,0,0,0,1,['surprise'],train
tat_train_track_a_00903,"грубо гына эйткэндэ, эллэ жулэр инде син???ник мин уземнен команда да булган кешедэн колим???без бит бер команда!кешелэр егылды дип язганнар,ул егылмады,э ектылар дидем...",1,0,0,0,0,0,['anger'],train
tat_train_track_a_00905,"һәм алар белән бергә иске коллекция чиләбедән килгән, алары кайберсе матур, кайберсе ямьсез бигрәк миңа үземнеке ошамый.",0,1,0,0,0,0,['disgust'],train
tat_train_track_a_00906,лилия молодец .жырыгыз да клибыгыз да бик матур булган .икегезгэ дэ ижади унышлар телим.,0,0,0,1,0,0,['joy'],train
tat_train_track_a_00907,бер дэ мондый исемне ишеткэнем булмады...,0,0,0,0,0,1,['surprise'],train
tat_train_track_a_00908,"кутенне ойрэт, кыеш тычмасын!",1,0,0,0,0,0,['anger'],train
tat_train_track_a_00909,"кадерлебез гүзәл!  туган көнең белән котлыйбыз сине! ""ялкын""дагы барлык апалар-абыйлар минем котлавыма кушыла! теге өрәк турындагы тексттан башлап... без синең барлык язмаларыңны да көтеп алабыз, тагын ниләр бар икән минзәләнең урыс урта мәктәбендә, гөлектә дип, башка сыймастай мистик хәлләргә дә, экспериментларга да әзер булып торабыз...:)   син бик талантлы, акыллы, булдыклы, якты, мөлаем... озын сүзнең кыскасы - яратабыз сине!   киләчәктә тормышта үз урыныңны табып, канатларыңны гел очышта сынап, бәхетле булып яшәвеңне телибез!  синең ""ялкын""ың.   p.s. ә сез гүзәл идрисованы туган көне белән котладыгызмы әле? ничек инде котламадыгыз???!!!   ялгышыгызны төзәтергә әле вакыт бар:",0,0,0,1,0,0,['joy'],train
tat_train_track_a_00910,"аһ, харап эш! — су анасы да минем арттан чаба.",0,0,1,0,0,0,['fear'],train
tat_train_track_a_00911,хрен знает нэрсэ эшлэргэ....,0,0,0,0,1,0,['sadness'],train
tat_train_track_a_00912,мине коточкыч ямьсез бер ир каршы алды,0,1,0,0,0,0,['disgust'],train
tat_train_track_a_00913,"бд сугышында жинуче дип акш узен исэпли, акш - доньяда атом бомасы атучы да инде! бу нинди икейозлелек? менэ мондый тамга таккан кешелэр гитлер украинаны сталин режимыннан азат итергэ тырышкан дип эйтэлэр, э гади халык ни дип жавап кайтара?",1,0,0,0,0,0,['anger'],train
tat_train_track_a_00914,мин артык эшкә батам кайвакыт. ял итәм микән шулай. ашауны да тиз-тиз ашыйм һәм тәнәфессез эшлим:(,0,0,0,0,1,0,['sadness'],train
tat_train_track_a_00915,"да ладно, не отмазывайся!! узең дә урыс булырсың инде",1,0,0,0,0,0,['anger'],train
tat_train_track_a_00918,"хайван, юньсез!",0,1,0,0,0,0,['disgust'],train
tat_train_track_a_00919,"сагыш дигэн, кара урманда.",0,0,0,0,1,0,['sadness'],train
tat_train_track_a_00920,"шикалат ашар өчен ун сум акчамны урлагансын икән,алтын канатым бар дип тора идем,канатларымны сындырдын",1,0,0,0,0,0,['anger'],train
tat_train_track_a_00921,ой да брось..акылга зэгыйф алар значит...,0,1,0,0,0,0,['disgust'],train
tat_train_track_a_00922,"алар инде узлэре ашыйлар)) дэу егетлэр инде алар))) алып китсэлэр эйбэт булыр инде, жалко аларны(((( бер эшэке карт мэче йори, песи бэбилэрен буып((( а алар безнен мунча ялдында торалар.",0,1,0,0,0,0,['disgust'],train
tat_train_track_a_00923,артка карап аннан уфтандым:(,0,0,0,0,1,0,['sadness'],train
tat_train_track_a_00924,монда кеше бармы???????)*,0,0,0,0,0,1,['surprise'],train
tat_train_track_a_00925,чыннан да улеп яратам)),0,0,0,1,0,0,['joy'],train
tat_train_track_a_00926,"кинәт кенә искә төште дә, моңланасым килеп китте. күңел кылларын тибрәтә илһам абый",0,0,0,0,1,0,['sadness'],train
tat_train_track_a_00927,"ильшат,э син нэрсэ анда умнечеть итеп утырасын,мм??? вот пелэтлэр,э..",1,0,0,0,0,0,['anger'],train
tat_train_track_a_00928,статусынны куругэ куркып киттем,0,0,1,0,0,0,['fear'],train
tat_train_track_a_00929,хатынынны уважать итсэн эти эни дип йорт!!! минем ирем энкэй ди,1,0,0,0,0,0,['anger'],train
tat_train_track_a_00930,мине дэ калдырмагыз!,0,0,1,0,0,0,['fear'],train
tat_train_track_a_00931,"гафу итегез, куйганда башка төрле иде, минедә үземнең биткә чыгарды.",0,0,0,0,1,0,['sadness'],train
tat_train_track_a_00932,"байсарлар буген куйгач концерт,ахуннарга да приспичило инде как всегда!!!",1,0,0,0,0,0,['anger'],train
tat_train_track_a_00933,өзелеп сагынам.,0,0,0,0,1,0,['sadness'],train
tat_train_track_a_00934,матур шигырь))),0,0,0,1,0,0,['joy'],train
tat_train_track_a_00935,"мин ""не анонимно"" дигэн идем! 😡  😠",1,0,0,0,0,0,['anger'],train
tat_train_track_a_00937,"татар кызлары сез кая тэгэрисез? сегешэсен килэме?э шуннан сон эти- эниеннен кузенэ ничек  оялмыйчакараячаксын? балага узсан, ташласа, не советую, башына бэла аласын килсэ, кашы инде кычыткан жиренне, кашыганнан сон суелып чыкса, башка кашымасссын, аннан группага язырсын, ""оооооой, улэм, ул мине ташлады, балага уздым, аборт ясатыйм микэн"", аборт ясаттын ди, шуннан сон тагы : ""ул янадан очраша башларга тэкъдим ясады нишлим икэээээн?"" задолбали честно, у меня всё(",0,1,0,0,0,0,['disgust'],train
tat_train_track_a_00938,дуслык булмыймени?,0,0,0,0,0,1,['surprise'],train
tat_train_track_a_00939,әнием дип өзелеп торган:(,0,0,0,0,1,0,['sadness'],train
tat_train_track_a_00940,әллә ничек җирсеп сагындым ул бу юлы...,0,0,0,0,1,0,['sadness'],train
tat_train_track_a_00941,актанышта эш юк читкэ кит шэхэргэ:(,0,0,0,0,1,0,['sadness'],train
tat_train_track_a_00942,"шуннан соң вазыйх фатихов китабы кулыма керде. уф, бигрәк ямьсез шигырь, чиркандым. үсмер чакта да бу китапны яратмаган идем ахры. такмаклар...",0,1,0,0,0,0,['disgust'],train
tat_train_track_a_00944,кукмара дип языгыз эле! пожалуйста!,1,0,0,0,0,0,['anger'],train
tat_train_track_a_00945,ничек инде 08.17.14???так то вроде башта число потом месяц языла бугай)))))сез шулай уйламыйсызмы?),0,0,0,0,0,1,['surprise'],train
tat_train_track_a_00947,"бөтен тирә - якка косасын китерә торган сасы ис - көйгән ит, янган чәч исе таралган.",0,1,0,0,0,0,['disgust'],train
tat_train_track_a_00949,"дөресен генә әйткәндә,онкоцентрдан әйбәт хәбәр белән кайттым!таң атып килә,ә мине ике тәүлек йокы җиңә алмый!и,көрәшәбез үзе белән,тик мин көчлерәк!",0,0,0,1,0,0,['joy'],train
tat_train_track_a_00950,"точно асылынган,мескен...",0,0,0,0,1,0,['sadness'],train
tat_train_track_a_00951,"мина 16-18 яшьлек, пошлый кыз кирэкми!",0,1,0,0,0,0,['disgust'],train
tat_train_track_a_00952,"мин өйгә кайтып килгәндә, син тезләнеп шар тәгәрәтешле уйный идең. чалбарың тез турысыннан тишелгән иде.  мин сине, үземнән алда атларга мәҗбүр итеп, иптәшләрең алдында хурлыкка калдырдым. "" чалбар кыйммәт тора, үз акчаңа сатып алган булсаң, пөхтәләп кияр идең!""",1,0,0,0,0,0,['anger'],train
tat_train_track_a_00954,"""татарча белгән кешеләр ""сәлам"" дигәндә нигә ""привет"" дип җавап бирәләр?""",0,0,0,0,0,1,['surprise'],train
tat_train_track_a_00956,"бигрәкләр тыйнаклар да вә өлгерләр шул башкортларның кайсыберләре, хихи)) рәхмәт, дустым!)",0,0,0,1,0,0,['joy'],train
tat_train_track_a_00957,"мина обычный су да ярамый,тирем куба башлый(",0,0,0,0,1,0,['sadness'],train
tat_train_track_a_00958,"исән бит ул кыз!!!авырта гына 😔 әй,мескенкәй,кинәт кенә...эх!!",0,0,0,0,1,0,['sadness'],train
tat_train_track_a_00959,"узе матур, узе машинада эйбэт бэрэ торган кочле баслы жырлар жибэрегезче зинхар дуслар! :-)бердэ булмаганда просто маатур узегезгэ ошаган жырларны)))",0,0,0,1,0,0,['joy'],train
tat_train_track_a_00960,барсы очендэ бик зур рэхмэт оештыручыларга!унышлар сезгэ!!!,0,0,0,1,0,0,['joy'],train
tat_train_track_a_00961,бераз балаларча юмор :),0,0,0,1,0,0,['joy'],train
tat_train_track_a_00962,"алай юк,наданга чыгармагыз инде!)))",1,0,0,0,0,0,['anger'],train
tat_train_track_a_00963,"я все поняла прекрасно)) мине шул гына удивляет,жыен шул себерке кызлар очен бер дигэн кызларны ташлыйлар. э ойлэнергэ булса йогереп килэлэр кире.",0,0,0,0,0,1,['surprise'],train
tat_train_track_a_00964,"илне талавын - талады, меңәрләгән адәм баласының җанын кырмыскадай кырды, әмма шушы сасы көзәндәй җирәнгеч мирза үз татары өстенә, туган йорт эченә дошман чирүен ияртеп килмәде бит!..",0,1,0,0,0,0,['disgust'],train
tat_train_track_a_00965,чынмы бу.ничэ сум?!,0,0,0,0,0,1,['surprise'],train
tat_train_track_a_00966,эе елый-елый укыдым.,0,0,0,0,1,0,['sadness'],train
tat_train_track_a_00968,"мәгәр күп газаплар эчендә ташка әйләнгән күңелем сынды, йөрәгем түзмәде, бу фаҗига җанының кай җирендәдер сакланып кала алган элекке тук вакытның бер тамырын кузгатты, хәлсезләнеп елап җибәрдем.",0,0,0,0,1,0,['sadness'],train
tat_train_track_a_00969,"бу иске, черек тормыш",0,1,0,0,0,0,['disgust'],train
tat_train_track_a_00971,"чынлап яратмый ул сине, яратса китмэс иде аннан нинди эти кеше була алсын, хайван ул !",1,0,0,0,0,0,['anger'],train
tat_train_track_a_00972,зур ус. бахетле бул),0,0,0,1,0,0,['joy'],train
tat_train_track_a_00973,мин синең каршыңда бик-бик гаепле икән бит.,0,0,0,0,1,0,['sadness'],train
tat_train_track_a_00975,хэерле кич дуслар!=),0,0,0,1,0,0,['joy'],train
tat_train_track_a_00976,"“авыл” дигәч авыр булып китә, авыртыплар куя йөрәгем.",0,0,0,0,1,0,['sadness'],train
tat_train_track_a_00977,чит кызларга язасым килми...,0,0,0,0,1,0,['sadness'],train
tat_train_track_a_00978,"алдап уйлап эшлэ жимешем, укенерлек калмасын арттан эх, диеп бер үкенерсең бит үткән гомер кайтмас кабаттан...",0,0,0,0,1,0,['sadness'],train
tat_train_track_a_00979,теге егет уйлаган булса бу кыз кырсаклы булмаган булыр иде.,0,1,0,0,0,0,['disgust'],train
tat_train_track_a_00980,"эчэсе килми, йокларга ятар идем йокы килми.....",0,0,0,0,1,0,['sadness'],train
tat_train_track_a_00982,"и балакаем гомерегез үтә инде аларга кыен дип кеше астына җәймә булып җәелеп, сезгә берәресенең подстраиваться иткәне бармы соң? үзегезне шулкадәр кимсетмәгез инде, аннары марҗага өйләнәсез дә балагызга бозаулар сыман татарча исем генә дә куша алмыйча йөрисез бит, мескен баладан гибрид ясап...",0,1,0,0,0,0,['disgust'],train
tat_train_track_a_00983,"-фирдәвес,фәния,фәнзирә!менә сез ишетәсе,күрәсе сюрприз-гадилә апагыз!",0,0,0,0,0,1,['surprise'],train
tat_train_track_a_00984,буген ооо актанышлес каршында ак тостэ машина бэреп китеп качты.юлларда экренрэк йоре долбаеб утерэ яздын бит!!!,1,0,0,0,0,0,['anger'],train
tat_train_track_a_00985,"кемдер, нидер мине дөнья буенча каңгырайтып йөртә кебек...",0,0,0,0,1,0,['sadness'],train
tat_train_track_a_00986,"узегез онытмагыз дигэнсез,э узегез урысчалап жипбэргэнсез.",0,1,0,0,0,0,['disgust'],train
tat_train_track_a_00987,"син марҗа. татар тел сиңа кирәкми, үз халкың да кирәкми. син урыс булдың. нәрсә эшлисен син бу төркемдә? бар урысларга, нәрся монда оныттың?",1,0,0,0,0,0,['anger'],train
tat_train_track_a_00988,"әлфия, дустым, синең һәр көнне хәерле иртә, хәерле көн, хәерле кич телүләрең күңелләргә рәхәтлек бирә, үзеңнән һәрвакыт сабырлык бөркелә !!! шигырьләреңне яратып укып барам, киләчәктә дә яңадан- яңа шигырьләреңне көтеп калам, дустым !!! балаларыңның бәхетен, оныклар шатлыгы күреп, исәнлектә яшәргә язсын сиңа ходай !!!",0,0,0,1,0,0,['joy'],train
tat_train_track_a_00990,әмма иртәгә мин чып-чын әти булачакмын!,0,0,0,1,0,0,['joy'],train
tat_train_track_a_00991,"оу,кемнэр язааа...кемдер татыды ахры ""мэхэббэт""не))",0,0,0,0,0,1,['surprise'],train
tat_train_track_a_00993,андыйлар күбрәк булсын иде...,0,0,0,0,1,0,['sadness'],train
tat_train_track_a_00994,"сэлам дияргэ онытканмын, вэт надан мин)) бэхетле хэм сэламэт бул :)",0,0,0,1,0,0,['joy'],train
tat_train_track_a_00995,"ямьсез, бераз мыскыллы тавышлар ишетелә",0,1,0,0,0,0,['disgust'],train
tat_train_track_a_00996,гел 5 кэ укыдым аннан),0,0,0,1,0,0,['joy'],train
tat_train_track_a_00997,син алла негрларны яратмысынмы))),0,1,0,0,0,0,['disgust'],train
tat_train_track_a_00998,абыем бер атна элек армияга китте((инде бер атна бууе елап йориим((утерееп сагындым!,0,0,0,0,1,0,['sadness'],train
tat_train_track_a_00999,"блин блинский.... шампунь бетеп килэ, пена бетте. тизрэк 23е житсен иде инде",0,0,0,0,1,0,['sadness'],train
tat_train_track_a_01000,"туйдым газаплардан, яратасым килэ...",0,0,0,0,1,0,['sadness'],train
